[
 {
  "id":"RocketFlight_TestModel:297:239:670:95",
  "name":"TOTAL LENGTH OF ROCKET (m)",
  "viewer":{
   "jshandler":"webview/handlers/ElementHandler"
  },
  "inspector":{
   "params":[
    "Value",
    "OutDataTypeStr",
    "FramePeriod",
    "LockScale",
    "OutMax",
    "OutMin",
    "SampleTime",
    "SamplingMode",
    "VectorParams1D"
   ],
   "values":[
    "2.98",
    "Inherit: Inherit from 'Constant value'",
    "inf",
    "off",
    "[]",
    "[]",
    "inf",
    "Sample based",
    "on"
   ],
   "tabs":[
    "Main",
    "Signal Attributes",
    "-Other"
   ],
   "tabs_idx":[
    0,
    1,
    2
   ]
  },
  "obj_viewer":[
  ]
 },
 {
  "id":"RocketFlight_TestModel:297:239:670:102",
  "name":"Wetted Body of Area",
  "viewer":{
   "jshandler":"webview/handlers/ContainerHandler",
   "trgSid":"RocketFlight_TestModel:297:239:670:102"
  },
  "inspector":{
   "params":[
    "ShowPortLabels",
    "Permissions",
    "ErrorFcn",
    "PermitHierarchicalResolution",
    "TreatAsAtomicUnit",
    "RTWSystemCode",
    "ActiveVariant",
    "ActiveVariantBlock",
    "BlockChoice",
    "CheckFcnCallInpInsideContextMsg",
    "FunctionInterfaceSpec",
    "FunctionWithSeparateData",
    "GeneratePreprocessorConditionals",
    "IsSubsystemVirtual",
    "MemberBlocks",
    "MinAlgLoopOccurrences",
    "OverrideUsingVariant",
    "PropExecContextOutsideSubsystem",
    "RTWFcnName",
    "RTWFcnNameOpts",
    "RTWFileName",
    "RTWFileNameOpts",
    "RTWMemSecDataConstants",
    "RTWMemSecDataInternal",
    "RTWMemSecDataParameters",
    "RTWMemSecFuncExecute",
    "RTWMemSecFuncInitTerm",
    "SystemSampleTime",
    "TemplateBlock",
    "Variant",
    "VariantControl"
   ],
   "values":[
    "FromPortIcon",
    "ReadWrite",
    "Stateflow.Translate.translate",
    "ExplicitOnly",
    "on",
    "Auto",
    "",
    "",
    "",
    "off",
    "void_void",
    "off",
    "off",
    "off",
    "",
    "off",
    "",
    "off",
    "",
    "Auto",
    "",
    "Auto",
    "Inherit from model",
    "Inherit from model",
    "Inherit from model",
    "Inherit from model",
    "Inherit from model",
    "-1",
    "",
    "off",
    ""
   ],
   "tabs":[
    "Parameter Attributes",
    "-Other"
   ],
   "tabs_idx":[
    0,
    6
   ]
  },
  "obj_viewer":[
  ]
 },
 {
  "id":"RocketFlight_TestModel:297:239:670:105",
  "name":"height of nose (length)(m)",
  "viewer":{
   "jshandler":"webview/handlers/ElementHandler"
  },
  "inspector":{
   "params":[
    "Value",
    "OutDataTypeStr",
    "FramePeriod",
    "LockScale",
    "OutMax",
    "OutMin",
    "SampleTime",
    "SamplingMode",
    "VectorParams1D"
   ],
   "values":[
    "0.6",
    "Inherit: Inherit from 'Constant value'",
    "inf",
    "off",
    "[]",
    "[]",
    "inf",
    "Sample based",
    "on"
   ],
   "tabs":[
    "Main",
    "Signal Attributes",
    "-Other"
   ],
   "tabs_idx":[
    0,
    1,
    2
   ]
  },
  "obj_viewer":[
  ]
 },
 {
  "id":"RocketFlight_TestModel:297:239:670:104",
  "name":"WIDTH OF FINS at TUBE (m)",
  "viewer":{
   "jshandler":"webview/handlers/ElementHandler"
  },
  "inspector":{
   "params":[
    "Value",
    "OutDataTypeStr",
    "FramePeriod",
    "LockScale",
    "OutMax",
    "OutMin",
    "SampleTime",
    "SamplingMode",
    "VectorParams1D"
   ],
   "values":[
    "0.45",
    "Inherit: Inherit from 'Constant value'",
    "inf",
    "off",
    "[]",
    "[]",
    "inf",
    "Sample based",
    "on"
   ],
   "tabs":[
    "Main",
    "Signal Attributes",
    "-Other"
   ],
   "tabs_idx":[
    0,
    1,
    2
   ]
  },
  "obj_viewer":[
  ]
 },
 {
  "id":"RocketFlight_TestModel:297:239:670:353",
  "name":"NUMBER OF FINS2",
  "viewer":{
   "jshandler":"webview/handlers/ElementHandler"
  },
  "inspector":{
   "params":[
    "Value",
    "OutDataTypeStr",
    "FramePeriod",
    "LockScale",
    "OutMax",
    "OutMin",
    "SampleTime",
    "SamplingMode",
    "VectorParams1D"
   ],
   "values":[
    "3",
    "Inherit: Inherit from 'Constant value'",
    "inf",
    "off",
    "[]",
    "[]",
    "inf",
    "Sample based",
    "on"
   ],
   "tabs":[
    "Main",
    "Signal Attributes",
    "-Other"
   ],
   "tabs_idx":[
    0,
    1,
    2
   ]
  },
  "obj_viewer":[
  ]
 },
 {
  "id":"RocketFlight_TestModel:297:239:670:354",
  "name":"OUTER DIAMETER (m)",
  "viewer":{
   "jshandler":"webview/handlers/ElementHandler"
  },
  "inspector":{
   "params":[
    "Value",
    "OutDataTypeStr",
    "FramePeriod",
    "LockScale",
    "OutMax",
    "OutMin",
    "SampleTime",
    "SamplingMode",
    "VectorParams1D"
   ],
   "values":[
    "0.104",
    "Inherit: Inherit from 'Constant value'",
    "inf",
    "off",
    "[]",
    "[]",
    "inf",
    "Sample based",
    "on"
   ],
   "tabs":[
    "Main",
    "Signal Attributes",
    "-Other"
   ],
   "tabs_idx":[
    0,
    1,
    2
   ]
  },
  "obj_viewer":[
  ]
 },
 {
  "id":"RocketFlight_TestModel:297:239:670:355",
  "name":"THICKNESS OF FINS at TUBE (m)3",
  "viewer":{
   "jshandler":"webview/handlers/ElementHandler"
  },
  "inspector":{
   "params":[
    "Value",
    "OutDataTypeStr",
    "FramePeriod",
    "LockScale",
    "OutMax",
    "OutMin",
    "SampleTime",
    "SamplingMode",
    "VectorParams1D"
   ],
   "values":[
    "0.003175",
    "Inherit: Inherit from 'Constant value'",
    "inf",
    "off",
    "[]",
    "[]",
    "inf",
    "Sample based",
    "on"
   ],
   "tabs":[
    "Main",
    "Signal Attributes",
    "-Other"
   ],
   "tabs_idx":[
    0,
    1,
    2
   ]
  },
  "obj_viewer":[
  ]
 },
 {
  "id":"RocketFlight_TestModel:297:239:670:357",
  "name":"area_wetted_body",
  "viewer":{
   "jshandler":"webview/handlers/ElementHandler"
  },
  "inspector":{
   "params":[
    "OutDataTypeStr",
    "BusOutputAsStruct",
    "IconDisplay",
    "InitialOutput",
    "LockScale",
    "OutMax",
    "OutMin",
    "OutputWhenDisabled",
    "Port",
    "PortDimensions",
    "SampleTime",
    "SamplingMode",
    "SignalType",
    "SourceOfInitialOutputValue",
    "VarSizeSig"
   ],
   "values":[
    "Inherit: auto",
    "off",
    "Port number",
    "[]",
    "off",
    "[]",
    "[]",
    "held",
    "1",
    "-1",
    "-1",
    "auto",
    "auto",
    "Dialog",
    "Inherit"
   ],
   "tabs":[
    "Signal Attributes",
    "-Other"
   ],
   "tabs_idx":[
    0,
    1
   ]
  },
  "obj_viewer":[
  ]
 },
 {
  "id":"RocketFlight_TestModel:297:239:670:616",
  "name":"Manual Switch1",
  "viewer":{
   "jshandler":"webview/handlers/ElementHandler"
  },
  "inspector":{
   "params":[
    "varsize",
    "SampleTime"
   ],
   "values":[
    "off",
    "-1"
   ],
   "tabs":[
   ],
   "tabs_idx":[
   ]
  },
  "obj_viewer":[
  ]
 },
 {
  "id":"RocketFlight_TestModel:297:239:670:618",
  "name":"Manual Switch2",
  "viewer":{
   "jshandler":"webview/handlers/ElementHandler"
  },
  "inspector":{
   "params":[
    "varsize",
    "SampleTime"
   ],
   "values":[
    "off",
    "-1"
   ],
   "tabs":[
   ],
   "tabs_idx":[
   ]
  },
  "obj_viewer":[
  ]
 },
 {
  "id":"RocketFlight_TestModel:297:239:670:620",
  "name":"Manual Switch3",
  "viewer":{
   "jshandler":"webview/handlers/ElementHandler"
  },
  "inspector":{
   "params":[
    "varsize",
    "SampleTime"
   ],
   "values":[
    "off",
    "-1"
   ],
   "tabs":[
   ],
   "tabs_idx":[
   ]
  },
  "obj_viewer":[
  ]
 },
 {
  "id":"RocketFlight_TestModel:297:239:670:622",
  "name":"Manual Switch4",
  "viewer":{
   "jshandler":"webview/handlers/ElementHandler"
  },
  "inspector":{
   "params":[
    "varsize",
    "SampleTime"
   ],
   "values":[
    "off",
    "-1"
   ],
   "tabs":[
   ],
   "tabs_idx":[
   ]
  },
  "obj_viewer":[
  ]
 },
 {
  "id":"RocketFlight_TestModel:297:239:670:624",
  "name":"Manual Switch5",
  "viewer":{
   "jshandler":"webview/handlers/ElementHandler"
  },
  "inspector":{
   "params":[
    "varsize",
    "SampleTime"
   ],
   "values":[
    "off",
    "-1"
   ],
   "tabs":[
   ],
   "tabs_idx":[
   ]
  },
  "obj_viewer":[
  ]
 },
 {
  "id":"RocketFlight_TestModel:297:239:670:626",
  "name":"Manual Switch6",
  "viewer":{
   "jshandler":"webview/handlers/ElementHandler"
  },
  "inspector":{
   "params":[
    "varsize",
    "SampleTime"
   ],
   "values":[
    "off",
    "-1"
   ],
   "tabs":[
   ],
   "tabs_idx":[
   ]
  },
  "obj_viewer":[
  ]
 },
 {
  "id":"RocketFlight_TestModel:297:239:670:627",
  "name":"Manual Switch7",
  "viewer":{
   "jshandler":"webview/handlers/ElementHandler"
  },
  "inspector":{
   "params":[
    "varsize",
    "SampleTime"
   ],
   "values":[
    "off",
    "-1"
   ],
   "tabs":[
   ],
   "tabs_idx":[
   ]
  },
  "obj_viewer":[
  ]
 },
 {
  "id":"RocketFlight_TestModel:297:239:670:74",
  "name":"SURFACE AREA OF NOSE",
  "viewer":{
   "jshandler":"webview/handlers/ElementHandler"
  },
  "inspector":{
   "params":[
    "Value",
    "OutDataTypeStr",
    "FramePeriod",
    "LockScale",
    "OutMax",
    "OutMin",
    "SampleTime",
    "SamplingMode",
    "VectorParams1D"
   ],
   "values":[
    "0.131",
    "Inherit: Inherit from 'Constant value'",
    "inf",
    "off",
    "[]",
    "[]",
    "inf",
    "Sample based",
    "on"
   ],
   "tabs":[
    "Main",
    "Signal Attributes",
    "-Other"
   ],
   "tabs_idx":[
    0,
    1,
    2
   ]
  },
  "obj_viewer":[
  ]
 },
 {
  "id":"RocketFlight_TestModel:297:239:670:628",
  "name":"Outer Diameter of Rocket",
  "viewer":{
   "jshandler":"webview/handlers/ElementHandler"
  },
  "inspector":{
   "params":[
    "Value",
    "OutDataTypeStr",
    "FramePeriod",
    "LockScale",
    "OutMax",
    "OutMin",
    "SampleTime",
    "SamplingMode",
    "VectorParams1D"
   ],
   "values":[
    "diameter_outer",
    "Inherit: Inherit from 'Constant value'",
    "inf",
    "off",
    "[]",
    "[]",
    "inf",
    "Sample based",
    "on"
   ],
   "tabs":[
    "Main",
    "Signal Attributes",
    "-Other"
   ],
   "tabs_idx":[
    0,
    1,
    2
   ]
  },
  "obj_viewer":[
  ]
 },
 {
  "id":"RocketFlight_TestModel:297:239:670:629",
  "name":"Total Length of Rocket",
  "viewer":{
   "jshandler":"webview/handlers/ElementHandler"
  },
  "inspector":{
   "params":[
    "Value",
    "OutDataTypeStr",
    "FramePeriod",
    "LockScale",
    "OutMax",
    "OutMin",
    "SampleTime",
    "SamplingMode",
    "VectorParams1D"
   ],
   "values":[
    "length_total_rocket",
    "Inherit: Inherit from 'Constant value'",
    "inf",
    "off",
    "[]",
    "[]",
    "inf",
    "Sample based",
    "on"
   ],
   "tabs":[
    "Main",
    "Signal Attributes",
    "-Other"
   ],
   "tabs_idx":[
    0,
    1,
    2
   ]
  },
  "obj_viewer":[
  ]
 },
 {
  "id":"RocketFlight_TestModel:297:239:670:630",
  "name":"Height of Nose Cone",
  "viewer":{
   "jshandler":"webview/handlers/ElementHandler"
  },
  "inspector":{
   "params":[
    "Value",
    "OutDataTypeStr",
    "FramePeriod",
    "LockScale",
    "OutMax",
    "OutMin",
    "SampleTime",
    "SamplingMode",
    "VectorParams1D"
   ],
   "values":[
    "height_nose_cone",
    "Inherit: Inherit from 'Constant value'",
    "inf",
    "off",
    "[]",
    "[]",
    "inf",
    "Sample based",
    "on"
   ],
   "tabs":[
    "Main",
    "Signal Attributes",
    "-Other"
   ],
   "tabs_idx":[
    0,
    1,
    2
   ]
  },
  "obj_viewer":[
  ]
 },
 {
  "id":"RocketFlight_TestModel:297:239:670:631",
  "name":"Thickness of Fins at Tube",
  "viewer":{
   "jshandler":"webview/handlers/ElementHandler"
  },
  "inspector":{
   "params":[
    "Value",
    "OutDataTypeStr",
    "FramePeriod",
    "LockScale",
    "OutMax",
    "OutMin",
    "SampleTime",
    "SamplingMode",
    "VectorParams1D"
   ],
   "values":[
    "thickness_fins_at_tube",
    "Inherit: Inherit from 'Constant value'",
    "inf",
    "off",
    "[]",
    "[]",
    "inf",
    "Sample based",
    "on"
   ],
   "tabs":[
    "Main",
    "Signal Attributes",
    "-Other"
   ],
   "tabs_idx":[
    0,
    1,
    2
   ]
  },
  "obj_viewer":[
  ]
 },
 {
  "id":"RocketFlight_TestModel:297:239:670:632",
  "name":"Number of Fins",
  "viewer":{
   "jshandler":"webview/handlers/ElementHandler"
  },
  "inspector":{
   "params":[
    "Value",
    "OutDataTypeStr",
    "FramePeriod",
    "LockScale",
    "OutMax",
    "OutMin",
    "SampleTime",
    "SamplingMode",
    "VectorParams1D"
   ],
   "values":[
    "fins_count",
    "Inherit: Inherit from 'Constant value'",
    "inf",
    "off",
    "[]",
    "[]",
    "inf",
    "Sample based",
    "on"
   ],
   "tabs":[
    "Main",
    "Signal Attributes",
    "-Other"
   ],
   "tabs_idx":[
    0,
    1,
    2
   ]
  },
  "obj_viewer":[
  ]
 },
 {
  "id":"RocketFlight_TestModel:297:239:670:633",
  "name":"Width of Fins at Tube",
  "viewer":{
   "jshandler":"webview/handlers/ElementHandler"
  },
  "inspector":{
   "params":[
    "Value",
    "OutDataTypeStr",
    "FramePeriod",
    "LockScale",
    "OutMax",
    "OutMin",
    "SampleTime",
    "SamplingMode",
    "VectorParams1D"
   ],
   "values":[
    "width_fins_at_tube",
    "Inherit: Inherit from 'Constant value'",
    "inf",
    "off",
    "[]",
    "[]",
    "inf",
    "Sample based",
    "on"
   ],
   "tabs":[
    "Main",
    "Signal Attributes",
    "-Other"
   ],
   "tabs_idx":[
    0,
    1,
    2
   ]
  },
  "obj_viewer":[
  ]
 },
 {
  "id":"RocketFlight_TestModel:297:239:670:634",
  "name":"Surface Area of Nose",
  "viewer":{
   "jshandler":"webview/handlers/ElementHandler"
  },
  "inspector":{
   "params":[
    "Value",
    "OutDataTypeStr",
    "FramePeriod",
    "LockScale",
    "OutMax",
    "OutMin",
    "SampleTime",
    "SamplingMode",
    "VectorParams1D"
   ],
   "values":[
    "area_surface_nose",
    "Inherit: Inherit from 'Constant value'",
    "inf",
    "off",
    "[]",
    "[]",
    "inf",
    "Sample based",
    "on"
   ],
   "tabs":[
    "Main",
    "Signal Attributes",
    "-Other"
   ],
   "tabs_idx":[
    0,
    1,
    2
   ]
  },
  "obj_viewer":[
  ]
 },
 {
  "id":"RocketFlight_TestModel:297:239:670:74#out:1",
  "name":"",
  "viewer":{
   "jshandler":"webview/handlers/ElementHandler"
  },
  "inspector":{
   "params":[
    "SignalNameFromLabel",
    "MustResolveToSignal",
    "ShowPropagatedSignal",
    "DataLogging",
    "TestPoint",
    "SignalObjectPackage",
    "StorageClass",
    "Description",
    "documentLink"
   ],
   "values":[
    "",
    "off",
    "off",
    "off",
    "off",
    "--- None ---",
    "Auto",
    "",
    ""
   ],
   "tabs":[
    "Logging and accessibility",
    "Code Generation",
    "Documentation"
   ],
   "tabs_idx":[
    3,
    5,
    7
   ]
  },
  "obj_viewer":[
  ]
 },
 {
  "id":"RocketFlight_TestModel:297:239:670:627#out:1",
  "name":"",
  "viewer":{
   "jshandler":"webview/handlers/ElementHandler"
  },
  "inspector":{
   "params":[
    "SignalNameFromLabel",
    "MustResolveToSignal",
    "ShowPropagatedSignal",
    "DataLogging",
    "TestPoint",
    "SignalObjectPackage",
    "StorageClass",
    "Description",
    "documentLink"
   ],
   "values":[
    "",
    "off",
    "off",
    "off",
    "off",
    "--- None ---",
    "Auto",
    "",
    ""
   ],
   "tabs":[
    "Logging and accessibility",
    "Code Generation",
    "Documentation"
   ],
   "tabs_idx":[
    3,
    5,
    7
   ]
  },
  "obj_viewer":[
  ]
 },
 {
  "id":"RocketFlight_TestModel:297:239:670:634#out:1",
  "name":"",
  "viewer":{
   "jshandler":"webview/handlers/ElementHandler"
  },
  "inspector":{
   "params":[
    "SignalNameFromLabel",
    "MustResolveToSignal",
    "ShowPropagatedSignal",
    "DataLogging",
    "TestPoint",
    "SignalObjectPackage",
    "StorageClass",
    "Description",
    "documentLink"
   ],
   "values":[
    "",
    "off",
    "off",
    "off",
    "off",
    "--- None ---",
    "Auto",
    "",
    ""
   ],
   "tabs":[
    "Logging and accessibility",
    "Code Generation",
    "Documentation"
   ],
   "tabs_idx":[
    3,
    5,
    7
   ]
  },
  "obj_viewer":[
  ]
 },
 {
  "id":"RocketFlight_TestModel:297:239:670:626#out:1",
  "name":"",
  "viewer":{
   "jshandler":"webview/handlers/ElementHandler"
  },
  "inspector":{
   "params":[
    "SignalNameFromLabel",
    "MustResolveToSignal",
    "ShowPropagatedSignal",
    "DataLogging",
    "TestPoint",
    "SignalObjectPackage",
    "StorageClass",
    "Description",
    "documentLink"
   ],
   "values":[
    "",
    "off",
    "off",
    "off",
    "off",
    "--- None ---",
    "Auto",
    "",
    ""
   ],
   "tabs":[
    "Logging and accessibility",
    "Code Generation",
    "Documentation"
   ],
   "tabs_idx":[
    3,
    5,
    7
   ]
  },
  "obj_viewer":[
  ]
 },
 {
  "id":"RocketFlight_TestModel:297:239:670:104#out:1",
  "name":"",
  "viewer":{
   "jshandler":"webview/handlers/ElementHandler"
  },
  "inspector":{
   "params":[
    "SignalNameFromLabel",
    "MustResolveToSignal",
    "ShowPropagatedSignal",
    "DataLogging",
    "TestPoint",
    "SignalObjectPackage",
    "StorageClass",
    "Description",
    "documentLink"
   ],
   "values":[
    "",
    "off",
    "off",
    "off",
    "off",
    "--- None ---",
    "Auto",
    "",
    ""
   ],
   "tabs":[
    "Logging and accessibility",
    "Code Generation",
    "Documentation"
   ],
   "tabs_idx":[
    3,
    5,
    7
   ]
  },
  "obj_viewer":[
  ]
 },
 {
  "id":"RocketFlight_TestModel:297:239:670:633#out:1",
  "name":"",
  "viewer":{
   "jshandler":"webview/handlers/ElementHandler"
  },
  "inspector":{
   "params":[
    "SignalNameFromLabel",
    "MustResolveToSignal",
    "ShowPropagatedSignal",
    "DataLogging",
    "TestPoint",
    "SignalObjectPackage",
    "StorageClass",
    "Description",
    "documentLink"
   ],
   "values":[
    "",
    "off",
    "off",
    "off",
    "off",
    "--- None ---",
    "Auto",
    "",
    ""
   ],
   "tabs":[
    "Logging and accessibility",
    "Code Generation",
    "Documentation"
   ],
   "tabs_idx":[
    3,
    5,
    7
   ]
  },
  "obj_viewer":[
  ]
 },
 {
  "id":"RocketFlight_TestModel:297:239:670:624#out:1",
  "name":"",
  "viewer":{
   "jshandler":"webview/handlers/ElementHandler"
  },
  "inspector":{
   "params":[
    "SignalNameFromLabel",
    "MustResolveToSignal",
    "ShowPropagatedSignal",
    "DataLogging",
    "TestPoint",
    "SignalObjectPackage",
    "StorageClass",
    "Description",
    "documentLink"
   ],
   "values":[
    "",
    "off",
    "off",
    "off",
    "off",
    "--- None ---",
    "Auto",
    "",
    ""
   ],
   "tabs":[
    "Logging and accessibility",
    "Code Generation",
    "Documentation"
   ],
   "tabs_idx":[
    3,
    5,
    7
   ]
  },
  "obj_viewer":[
  ]
 },
 {
  "id":"RocketFlight_TestModel:297:239:670:353#out:1",
  "name":"",
  "viewer":{
   "jshandler":"webview/handlers/ElementHandler"
  },
  "inspector":{
   "params":[
    "SignalNameFromLabel",
    "MustResolveToSignal",
    "ShowPropagatedSignal",
    "DataLogging",
    "TestPoint",
    "SignalObjectPackage",
    "StorageClass",
    "Description",
    "documentLink"
   ],
   "values":[
    "",
    "off",
    "off",
    "off",
    "off",
    "--- None ---",
    "Auto",
    "",
    ""
   ],
   "tabs":[
    "Logging and accessibility",
    "Code Generation",
    "Documentation"
   ],
   "tabs_idx":[
    3,
    5,
    7
   ]
  },
  "obj_viewer":[
  ]
 },
 {
  "id":"RocketFlight_TestModel:297:239:670:632#out:1",
  "name":"",
  "viewer":{
   "jshandler":"webview/handlers/ElementHandler"
  },
  "inspector":{
   "params":[
    "SignalNameFromLabel",
    "MustResolveToSignal",
    "ShowPropagatedSignal",
    "DataLogging",
    "TestPoint",
    "SignalObjectPackage",
    "StorageClass",
    "Description",
    "documentLink"
   ],
   "values":[
    "",
    "off",
    "off",
    "off",
    "off",
    "--- None ---",
    "Auto",
    "",
    ""
   ],
   "tabs":[
    "Logging and accessibility",
    "Code Generation",
    "Documentation"
   ],
   "tabs_idx":[
    3,
    5,
    7
   ]
  },
  "obj_viewer":[
  ]
 },
 {
  "id":"RocketFlight_TestModel:297:239:670:622#out:1",
  "name":"",
  "viewer":{
   "jshandler":"webview/handlers/ElementHandler"
  },
  "inspector":{
   "params":[
    "SignalNameFromLabel",
    "MustResolveToSignal",
    "ShowPropagatedSignal",
    "DataLogging",
    "TestPoint",
    "SignalObjectPackage",
    "StorageClass",
    "Description",
    "documentLink"
   ],
   "values":[
    "",
    "off",
    "off",
    "off",
    "off",
    "--- None ---",
    "Auto",
    "",
    ""
   ],
   "tabs":[
    "Logging and accessibility",
    "Code Generation",
    "Documentation"
   ],
   "tabs_idx":[
    3,
    5,
    7
   ]
  },
  "obj_viewer":[
  ]
 },
 {
  "id":"RocketFlight_TestModel:297:239:670:631#out:1",
  "name":"",
  "viewer":{
   "jshandler":"webview/handlers/ElementHandler"
  },
  "inspector":{
   "params":[
    "SignalNameFromLabel",
    "MustResolveToSignal",
    "ShowPropagatedSignal",
    "DataLogging",
    "TestPoint",
    "SignalObjectPackage",
    "StorageClass",
    "Description",
    "documentLink"
   ],
   "values":[
    "",
    "off",
    "off",
    "off",
    "off",
    "--- None ---",
    "Auto",
    "",
    ""
   ],
   "tabs":[
    "Logging and accessibility",
    "Code Generation",
    "Documentation"
   ],
   "tabs_idx":[
    3,
    5,
    7
   ]
  },
  "obj_viewer":[
  ]
 },
 {
  "id":"RocketFlight_TestModel:297:239:670:355#out:1",
  "name":"",
  "viewer":{
   "jshandler":"webview/handlers/ElementHandler"
  },
  "inspector":{
   "params":[
    "SignalNameFromLabel",
    "MustResolveToSignal",
    "ShowPropagatedSignal",
    "DataLogging",
    "TestPoint",
    "SignalObjectPackage",
    "StorageClass",
    "Description",
    "documentLink"
   ],
   "values":[
    "",
    "off",
    "off",
    "off",
    "off",
    "--- None ---",
    "Auto",
    "",
    ""
   ],
   "tabs":[
    "Logging and accessibility",
    "Code Generation",
    "Documentation"
   ],
   "tabs_idx":[
    3,
    5,
    7
   ]
  },
  "obj_viewer":[
  ]
 },
 {
  "id":"RocketFlight_TestModel:297:239:670:620#out:1",
  "name":"",
  "viewer":{
   "jshandler":"webview/handlers/ElementHandler"
  },
  "inspector":{
   "params":[
    "SignalNameFromLabel",
    "MustResolveToSignal",
    "ShowPropagatedSignal",
    "DataLogging",
    "TestPoint",
    "SignalObjectPackage",
    "StorageClass",
    "Description",
    "documentLink"
   ],
   "values":[
    "",
    "off",
    "off",
    "off",
    "off",
    "--- None ---",
    "Auto",
    "",
    ""
   ],
   "tabs":[
    "Logging and accessibility",
    "Code Generation",
    "Documentation"
   ],
   "tabs_idx":[
    3,
    5,
    7
   ]
  },
  "obj_viewer":[
  ]
 },
 {
  "id":"RocketFlight_TestModel:297:239:670:630#out:1",
  "name":"",
  "viewer":{
   "jshandler":"webview/handlers/ElementHandler"
  },
  "inspector":{
   "params":[
    "SignalNameFromLabel",
    "MustResolveToSignal",
    "ShowPropagatedSignal",
    "DataLogging",
    "TestPoint",
    "SignalObjectPackage",
    "StorageClass",
    "Description",
    "documentLink"
   ],
   "values":[
    "",
    "off",
    "off",
    "off",
    "off",
    "--- None ---",
    "Auto",
    "",
    ""
   ],
   "tabs":[
    "Logging and accessibility",
    "Code Generation",
    "Documentation"
   ],
   "tabs_idx":[
    3,
    5,
    7
   ]
  },
  "obj_viewer":[
  ]
 },
 {
  "id":"RocketFlight_TestModel:297:239:670:105#out:1",
  "name":"",
  "viewer":{
   "jshandler":"webview/handlers/ElementHandler"
  },
  "inspector":{
   "params":[
    "SignalNameFromLabel",
    "MustResolveToSignal",
    "ShowPropagatedSignal",
    "DataLogging",
    "TestPoint",
    "SignalObjectPackage",
    "StorageClass",
    "Description",
    "documentLink"
   ],
   "values":[
    "",
    "off",
    "off",
    "off",
    "off",
    "--- None ---",
    "Auto",
    "",
    ""
   ],
   "tabs":[
    "Logging and accessibility",
    "Code Generation",
    "Documentation"
   ],
   "tabs_idx":[
    3,
    5,
    7
   ]
  },
  "obj_viewer":[
  ]
 },
 {
  "id":"RocketFlight_TestModel:297:239:670:618#out:1",
  "name":"",
  "viewer":{
   "jshandler":"webview/handlers/ElementHandler"
  },
  "inspector":{
   "params":[
    "SignalNameFromLabel",
    "MustResolveToSignal",
    "ShowPropagatedSignal",
    "DataLogging",
    "TestPoint",
    "SignalObjectPackage",
    "StorageClass",
    "Description",
    "documentLink"
   ],
   "values":[
    "",
    "off",
    "off",
    "off",
    "off",
    "--- None ---",
    "Auto",
    "",
    ""
   ],
   "tabs":[
    "Logging and accessibility",
    "Code Generation",
    "Documentation"
   ],
   "tabs_idx":[
    3,
    5,
    7
   ]
  },
  "obj_viewer":[
  ]
 },
 {
  "id":"RocketFlight_TestModel:297:239:670:629#out:1",
  "name":"",
  "viewer":{
   "jshandler":"webview/handlers/ElementHandler"
  },
  "inspector":{
   "params":[
    "SignalNameFromLabel",
    "MustResolveToSignal",
    "ShowPropagatedSignal",
    "DataLogging",
    "TestPoint",
    "SignalObjectPackage",
    "StorageClass",
    "Description",
    "documentLink"
   ],
   "values":[
    "",
    "off",
    "off",
    "off",
    "off",
    "--- None ---",
    "Auto",
    "",
    ""
   ],
   "tabs":[
    "Logging and accessibility",
    "Code Generation",
    "Documentation"
   ],
   "tabs_idx":[
    3,
    5,
    7
   ]
  },
  "obj_viewer":[
  ]
 },
 {
  "id":"RocketFlight_TestModel:297:239:670:95#out:1",
  "name":"",
  "viewer":{
   "jshandler":"webview/handlers/ElementHandler"
  },
  "inspector":{
   "params":[
    "SignalNameFromLabel",
    "MustResolveToSignal",
    "ShowPropagatedSignal",
    "DataLogging",
    "TestPoint",
    "SignalObjectPackage",
    "StorageClass",
    "Description",
    "documentLink"
   ],
   "values":[
    "",
    "off",
    "off",
    "off",
    "off",
    "--- None ---",
    "Auto",
    "",
    ""
   ],
   "tabs":[
    "Logging and accessibility",
    "Code Generation",
    "Documentation"
   ],
   "tabs_idx":[
    3,
    5,
    7
   ]
  },
  "obj_viewer":[
  ]
 },
 {
  "id":"RocketFlight_TestModel:297:239:670:616#out:1",
  "name":"",
  "viewer":{
   "jshandler":"webview/handlers/ElementHandler"
  },
  "inspector":{
   "params":[
    "SignalNameFromLabel",
    "MustResolveToSignal",
    "ShowPropagatedSignal",
    "DataLogging",
    "TestPoint",
    "SignalObjectPackage",
    "StorageClass",
    "Description",
    "documentLink"
   ],
   "values":[
    "",
    "off",
    "off",
    "off",
    "off",
    "--- None ---",
    "Auto",
    "",
    ""
   ],
   "tabs":[
    "Logging and accessibility",
    "Code Generation",
    "Documentation"
   ],
   "tabs_idx":[
    3,
    5,
    7
   ]
  },
  "obj_viewer":[
  ]
 },
 {
  "id":"RocketFlight_TestModel:297:239:670:628#out:1",
  "name":"",
  "viewer":{
   "jshandler":"webview/handlers/ElementHandler"
  },
  "inspector":{
   "params":[
    "SignalNameFromLabel",
    "MustResolveToSignal",
    "ShowPropagatedSignal",
    "DataLogging",
    "TestPoint",
    "SignalObjectPackage",
    "StorageClass",
    "Description",
    "documentLink"
   ],
   "values":[
    "",
    "off",
    "off",
    "off",
    "off",
    "--- None ---",
    "Auto",
    "",
    ""
   ],
   "tabs":[
    "Logging and accessibility",
    "Code Generation",
    "Documentation"
   ],
   "tabs_idx":[
    3,
    5,
    7
   ]
  },
  "obj_viewer":[
  ]
 },
 {
  "id":"RocketFlight_TestModel:297:239:670:354#out:1",
  "name":"",
  "viewer":{
   "jshandler":"webview/handlers/ElementHandler"
  },
  "inspector":{
   "params":[
    "SignalNameFromLabel",
    "MustResolveToSignal",
    "ShowPropagatedSignal",
    "DataLogging",
    "TestPoint",
    "SignalObjectPackage",
    "StorageClass",
    "Description",
    "documentLink"
   ],
   "values":[
    "",
    "off",
    "off",
    "off",
    "off",
    "--- None ---",
    "Auto",
    "",
    ""
   ],
   "tabs":[
    "Logging and accessibility",
    "Code Generation",
    "Documentation"
   ],
   "tabs_idx":[
    3,
    5,
    7
   ]
  },
  "obj_viewer":[
  ]
 },
 {
  "id":"RocketFlight_TestModel:297:239:670:102#out:1",
  "name":"",
  "viewer":{
   "jshandler":"webview/handlers/ElementHandler"
  },
  "inspector":{
   "params":[
    "SignalNameFromLabel",
    "MustResolveToSignal",
    "ShowPropagatedSignal",
    "DataLogging",
    "TestPoint",
    "SignalObjectPackage",
    "StorageClass",
    "Description",
    "documentLink"
   ],
   "values":[
    "",
    "off",
    "off",
    "off",
    "off",
    "--- None ---",
    "Auto",
    "",
    ""
   ],
   "tabs":[
    "Logging and accessibility",
    "Code Generation",
    "Documentation"
   ],
   "tabs_idx":[
    3,
    5,
    7
   ]
  },
  "obj_viewer":[
  ]
 }
]