[
 {
  "id":"RocketFlight_TestModel:297:229",
  "name":"Dynamics Scope",
  "viewer":{
   "jshandler":"webview/handlers/ElementHandler"
  },
  "inspector":[
  ],
  "obj_viewer":[
  ]
 },
 {
  "id":"RocketFlight_TestModel:297:245",
  "name":"gamma",
  "viewer":{
   "jshandler":"webview/handlers/ElementHandler"
  },
  "inspector":{
   "params":[
    "Value",
    "OutDataTypeStr",
    "FramePeriod",
    "LockScale",
    "OutMax",
    "OutMin",
    "SampleTime",
    "SamplingMode",
    "VectorParams1D"
   ],
   "values":[
    "1.4",
    "Inherit: Inherit from 'Constant value'",
    "inf",
    "off",
    "[]",
    "[]",
    "inf",
    "Sample based",
    "on"
   ],
   "tabs":[
    "Main",
    "Signal Attributes",
    "-Other"
   ],
   "tabs_idx":[
    0,
    1,
    2
   ]
  },
  "obj_viewer":[
  ]
 },
 {
  "id":"RocketFlight_TestModel:297:228",
  "name":"Drag Scope",
  "viewer":{
   "jshandler":"webview/handlers/ElementHandler"
  },
  "inspector":[
  ],
  "obj_viewer":[
  ]
 },
 {
  "id":"RocketFlight_TestModel:297:207",
  "name":"Atmosphere Scope",
  "viewer":{
   "jshandler":"webview/handlers/ElementHandler"
  },
  "inspector":[
  ],
  "obj_viewer":[
  ]
 },
 {
  "id":"RocketFlight_TestModel:297:208",
  "name":"Atmospheric Model",
  "viewer":{
   "jshandler":"webview/handlers/ContainerHandler",
   "trgSid":"RocketFlight_TestModel:297:208"
  },
  "inspector":{
   "params":[
    "ShowPortLabels",
    "Permissions",
    "ErrorFcn",
    "PermitHierarchicalResolution",
    "TreatAsAtomicUnit",
    "RTWSystemCode",
    "ActiveVariant",
    "ActiveVariantBlock",
    "BlockChoice",
    "CheckFcnCallInpInsideContextMsg",
    "FunctionInterfaceSpec",
    "FunctionWithSeparateData",
    "GeneratePreprocessorConditionals",
    "IsSubsystemVirtual",
    "MemberBlocks",
    "MinAlgLoopOccurrences",
    "OverrideUsingVariant",
    "PropExecContextOutsideSubsystem",
    "RTWFcnName",
    "RTWFcnNameOpts",
    "RTWFileName",
    "RTWFileNameOpts",
    "RTWMemSecDataConstants",
    "RTWMemSecDataInternal",
    "RTWMemSecDataParameters",
    "RTWMemSecFuncExecute",
    "RTWMemSecFuncInitTerm",
    "SystemSampleTime",
    "TemplateBlock",
    "Variant",
    "VariantControl"
   ],
   "values":[
    "FromPortIcon",
    "ReadWrite",
    "",
    "All",
    "off",
    "Auto",
    "",
    "",
    "",
    "off",
    "void_void",
    "off",
    "off",
    "on",
    "",
    "off",
    "",
    "off",
    "",
    "Auto",
    "",
    "Auto",
    "Inherit from model",
    "Inherit from model",
    "Inherit from model",
    "Inherit from model",
    "Inherit from model",
    "-1",
    "",
    "off",
    ""
   ],
   "tabs":[
    "Parameter Attributes",
    "-Other"
   ],
   "tabs_idx":[
    0,
    6
   ]
  },
  "obj_viewer":[
  ]
 },
 {
  "id":"RocketFlight_TestModel:297:231",
  "name":"Ground Temperature (C)",
  "viewer":{
   "jshandler":"webview/handlers/ElementHandler"
  },
  "inspector":{
   "params":[
    "Value",
    "OutDataTypeStr",
    "FramePeriod",
    "LockScale",
    "OutMax",
    "OutMin",
    "SampleTime",
    "SamplingMode",
    "VectorParams1D"
   ],
   "values":[
    "ground_temperature_ambient",
    "Inherit: Inherit from 'Constant value'",
    "inf",
    "off",
    "[]",
    "[]",
    "inf",
    "Sample based",
    "on"
   ],
   "tabs":[
    "Main",
    "Signal Attributes",
    "-Other"
   ],
   "tabs_idx":[
    0,
    1,
    2
   ]
  },
  "obj_viewer":[
  ]
 },
 {
  "id":"RocketFlight_TestModel:297:230",
  "name":"Ground Pressure (Pa)",
  "viewer":{
   "jshandler":"webview/handlers/ElementHandler"
  },
  "inspector":{
   "params":[
    "Value",
    "OutDataTypeStr",
    "FramePeriod",
    "LockScale",
    "OutMax",
    "OutMin",
    "SampleTime",
    "SamplingMode",
    "VectorParams1D"
   ],
   "values":[
    "ground_pressure_ambient",
    "Inherit: Inherit from 'Constant value'",
    "inf",
    "off",
    "[]",
    "[]",
    "inf",
    "Sample based",
    "on"
   ],
   "tabs":[
    "Main",
    "Signal Attributes",
    "-Other"
   ],
   "tabs_idx":[
    0,
    1,
    2
   ]
  },
  "obj_viewer":[
  ]
 },
 {
  "id":"RocketFlight_TestModel:297:232",
  "name":"Launch Altitude (m)",
  "viewer":{
   "jshandler":"webview/handlers/ElementHandler"
  },
  "inspector":{
   "params":[
    "Value",
    "OutDataTypeStr",
    "FramePeriod",
    "LockScale",
    "OutMax",
    "OutMin",
    "SampleTime",
    "SamplingMode",
    "VectorParams1D"
   ],
   "values":[
    "ground_launch_altitude",
    "Inherit: Inherit from 'Constant value'",
    "inf",
    "off",
    "[]",
    "[]",
    "inf",
    "Sample based",
    "on"
   ],
   "tabs":[
    "Main",
    "Signal Attributes",
    "-Other"
   ],
   "tabs_idx":[
    0,
    1,
    2
   ]
  },
  "obj_viewer":[
  ]
 },
 {
  "id":"RocketFlight_TestModel:297:221",
  "name":"Display",
  "viewer":{
   "jshandler":"webview/handlers/ElementHandler"
  },
  "inspector":{
   "params":[
    "Decimation",
    "Floating",
    "Format"
   ],
   "values":[
    "1",
    "off",
    "short"
   ],
   "tabs":[
    "Parameter Attributes",
    "-Other"
   ],
   "tabs_idx":[
    0,
    1
   ]
  },
  "obj_viewer":[
  ]
 },
 {
  "id":"RocketFlight_TestModel:297:222",
  "name":"Display1",
  "viewer":{
   "jshandler":"webview/handlers/ElementHandler"
  },
  "inspector":{
   "params":[
    "Decimation",
    "Floating",
    "Format"
   ],
   "values":[
    "1",
    "off",
    "short"
   ],
   "tabs":[
    "Parameter Attributes",
    "-Other"
   ],
   "tabs_idx":[
    0,
    1
   ]
  },
  "obj_viewer":[
  ]
 },
 {
  "id":"RocketFlight_TestModel:297:223",
  "name":"Display2",
  "viewer":{
   "jshandler":"webview/handlers/ElementHandler"
  },
  "inspector":{
   "params":[
    "Decimation",
    "Floating",
    "Format"
   ],
   "values":[
    "1",
    "off",
    "short"
   ],
   "tabs":[
    "Parameter Attributes",
    "-Other"
   ],
   "tabs_idx":[
    0,
    1
   ]
  },
  "obj_viewer":[
  ]
 },
 {
  "id":"RocketFlight_TestModel:297:233",
  "name":"Launch Altitude (m)1",
  "viewer":{
   "jshandler":"webview/handlers/ElementHandler"
  },
  "inspector":{
   "params":[
    "Value",
    "OutDataTypeStr",
    "FramePeriod",
    "LockScale",
    "OutMax",
    "OutMin",
    "SampleTime",
    "SamplingMode",
    "VectorParams1D"
   ],
   "values":[
    "moment_inertia_rocket",
    "Inherit: Inherit from 'Constant value'",
    "inf",
    "off",
    "[]",
    "[]",
    "inf",
    "Sample based",
    "on"
   ],
   "tabs":[
    "Main",
    "Signal Attributes",
    "-Other"
   ],
   "tabs_idx":[
    0,
    1,
    2
   ]
  },
  "obj_viewer":[
  ]
 },
 {
  "id":"RocketFlight_TestModel:297:224",
  "name":"Display3",
  "viewer":{
   "jshandler":"webview/handlers/ElementHandler"
  },
  "inspector":{
   "params":[
    "Decimation",
    "Floating",
    "Format"
   ],
   "values":[
    "1",
    "off",
    "short"
   ],
   "tabs":[
    "Parameter Attributes",
    "-Other"
   ],
   "tabs_idx":[
    0,
    1
   ]
  },
  "obj_viewer":[
  ]
 },
 {
  "id":"RocketFlight_TestModel:297:225",
  "name":"Display4",
  "viewer":{
   "jshandler":"webview/handlers/ElementHandler"
  },
  "inspector":{
   "params":[
    "Decimation",
    "Floating",
    "Format"
   ],
   "values":[
    "1",
    "off",
    "short"
   ],
   "tabs":[
    "Parameter Attributes",
    "-Other"
   ],
   "tabs_idx":[
    0,
    1
   ]
  },
  "obj_viewer":[
  ]
 },
 {
  "id":"RocketFlight_TestModel:297:235",
  "name":"Launch Altitude (m)3",
  "viewer":{
   "jshandler":"webview/handlers/ElementHandler"
  },
  "inspector":{
   "params":[
    "Value",
    "OutDataTypeStr",
    "FramePeriod",
    "LockScale",
    "OutMax",
    "OutMin",
    "SampleTime",
    "SamplingMode",
    "VectorParams1D"
   ],
   "values":[
    "distance_tip_to_COP",
    "Inherit: Inherit from 'Constant value'",
    "inf",
    "off",
    "[]",
    "[]",
    "inf",
    "Sample based",
    "on"
   ],
   "tabs":[
    "Main",
    "Signal Attributes",
    "-Other"
   ],
   "tabs_idx":[
    0,
    1,
    2
   ]
  },
  "obj_viewer":[
  ]
 },
 {
  "id":"RocketFlight_TestModel:297:226",
  "name":"Display5",
  "viewer":{
   "jshandler":"webview/handlers/ElementHandler"
  },
  "inspector":{
   "params":[
    "Decimation",
    "Floating",
    "Format"
   ],
   "values":[
    "1",
    "off",
    "short"
   ],
   "tabs":[
    "Parameter Attributes",
    "-Other"
   ],
   "tabs_idx":[
    0,
    1
   ]
  },
  "obj_viewer":[
  ]
 },
 {
  "id":"RocketFlight_TestModel:297:237",
  "name":"Reference Area at AOA",
  "viewer":{
   "jshandler":"webview/handlers/ContainerHandler",
   "trgSid":"RocketFlight_TestModel:297:237"
  },
  "inspector":{
   "params":[
    "ShowPortLabels",
    "Permissions",
    "ErrorFcn",
    "PermitHierarchicalResolution",
    "TreatAsAtomicUnit",
    "RTWSystemCode",
    "ActiveVariant",
    "ActiveVariantBlock",
    "BlockChoice",
    "CheckFcnCallInpInsideContextMsg",
    "FunctionInterfaceSpec",
    "FunctionWithSeparateData",
    "GeneratePreprocessorConditionals",
    "IsSubsystemVirtual",
    "MemberBlocks",
    "MinAlgLoopOccurrences",
    "OverrideUsingVariant",
    "PropExecContextOutsideSubsystem",
    "RTWFcnName",
    "RTWFcnNameOpts",
    "RTWFileName",
    "RTWFileNameOpts",
    "RTWMemSecDataConstants",
    "RTWMemSecDataInternal",
    "RTWMemSecDataParameters",
    "RTWMemSecFuncExecute",
    "RTWMemSecFuncInitTerm",
    "SystemSampleTime",
    "TemplateBlock",
    "Variant",
    "VariantControl"
   ],
   "values":[
    "FromPortIcon",
    "ReadWrite",
    "",
    "All",
    "off",
    "Auto",
    "",
    "",
    "",
    "off",
    "void_void",
    "off",
    "off",
    "on",
    "",
    "off",
    "",
    "off",
    "",
    "Auto",
    "",
    "Auto",
    "Inherit from model",
    "Inherit from model",
    "Inherit from model",
    "Inherit from model",
    "Inherit from model",
    "-1",
    "",
    "off",
    ""
   ],
   "tabs":[
    "Parameter Attributes",
    "-Other"
   ],
   "tabs_idx":[
    0,
    6
   ]
  },
  "obj_viewer":[
  ]
 },
 {
  "id":"RocketFlight_TestModel:297:240",
  "name":"Rocket Planform Area",
  "viewer":{
   "jshandler":"webview/handlers/ElementHandler"
  },
  "inspector":{
   "params":[
    "Value",
    "OutDataTypeStr",
    "FramePeriod",
    "LockScale",
    "OutMax",
    "OutMin",
    "SampleTime",
    "SamplingMode",
    "VectorParams1D"
   ],
   "values":[
    "area_rocket_planform",
    "Inherit: Inherit from 'Constant value'",
    "inf",
    "off",
    "[]",
    "[]",
    "inf",
    "Sample based",
    "on"
   ],
   "tabs":[
    "Main",
    "Signal Attributes",
    "-Other"
   ],
   "tabs_idx":[
    0,
    1,
    2
   ]
  },
  "obj_viewer":[
  ]
 },
 {
  "id":"RocketFlight_TestModel:297:220",
  "name":"Critical Areas",
  "viewer":{
   "jshandler":"webview/handlers/ContainerHandler",
   "trgSid":"RocketFlight_TestModel:297:220"
  },
  "inspector":{
   "params":[
    "ShowPortLabels",
    "Permissions",
    "ErrorFcn",
    "PermitHierarchicalResolution",
    "TreatAsAtomicUnit",
    "RTWSystemCode",
    "ActiveVariant",
    "ActiveVariantBlock",
    "BlockChoice",
    "CheckFcnCallInpInsideContextMsg",
    "FunctionInterfaceSpec",
    "FunctionWithSeparateData",
    "GeneratePreprocessorConditionals",
    "IsSubsystemVirtual",
    "MemberBlocks",
    "MinAlgLoopOccurrences",
    "OverrideUsingVariant",
    "PropExecContextOutsideSubsystem",
    "RTWFcnName",
    "RTWFcnNameOpts",
    "RTWFileName",
    "RTWFileNameOpts",
    "RTWMemSecDataConstants",
    "RTWMemSecDataInternal",
    "RTWMemSecDataParameters",
    "RTWMemSecFuncExecute",
    "RTWMemSecFuncInitTerm",
    "SystemSampleTime",
    "TemplateBlock",
    "Variant",
    "VariantControl"
   ],
   "values":[
    "FromPortIcon",
    "ReadWrite",
    "",
    "All",
    "off",
    "Auto",
    "",
    "",
    "",
    "off",
    "void_void",
    "off",
    "off",
    "on",
    "",
    "off",
    "",
    "off",
    "",
    "Auto",
    "",
    "Auto",
    "Inherit from model",
    "Inherit from model",
    "Inherit from model",
    "Inherit from model",
    "Inherit from model",
    "-1",
    "",
    "off",
    ""
   ],
   "tabs":[
    "Parameter Attributes",
    "-Other"
   ],
   "tabs_idx":[
    0,
    6
   ]
  },
  "obj_viewer":[
  ]
 },
 {
  "id":"RocketFlight_TestModel:297:206",
  "name":" Launch Angle",
  "viewer":{
   "jshandler":"webview/handlers/ElementHandler"
  },
  "inspector":{
   "params":[
    "Value",
    "OutDataTypeStr",
    "FramePeriod",
    "LockScale",
    "OutMax",
    "OutMin",
    "SampleTime",
    "SamplingMode",
    "VectorParams1D"
   ],
   "values":[
    "pi/2 - launch_angle",
    "Inherit: Inherit from 'Constant value'",
    "inf",
    "off",
    "[]",
    "[]",
    "inf",
    "Sample based",
    "on"
   ],
   "tabs":[
    "Main",
    "Signal Attributes",
    "-Other"
   ],
   "tabs_idx":[
    0,
    1,
    2
   ]
  },
  "obj_viewer":[
  ]
 },
 {
  "id":"RocketFlight_TestModel:297:227",
  "name":"Display6",
  "viewer":{
   "jshandler":"webview/handlers/ElementHandler"
  },
  "inspector":{
   "params":[
    "Decimation",
    "Floating",
    "Format"
   ],
   "values":[
    "1",
    "off",
    "short"
   ],
   "tabs":[
    "Parameter Attributes",
    "-Other"
   ],
   "tabs_idx":[
    0,
    1
   ]
  },
  "obj_viewer":[
  ]
 },
 {
  "id":"RocketFlight_TestModel:297:242",
  "name":"Wet Motor Mass",
  "viewer":{
   "jshandler":"webview/handlers/ElementHandler"
  },
  "inspector":{
   "params":[
    "Value",
    "OutDataTypeStr",
    "FramePeriod",
    "LockScale",
    "OutMax",
    "OutMin",
    "SampleTime",
    "SamplingMode",
    "VectorParams1D"
   ],
   "values":[
    "wet_motor_mass",
    "Inherit: Inherit from 'Constant value'",
    "inf",
    "off",
    "[]",
    "[]",
    "inf",
    "Sample based",
    "on"
   ],
   "tabs":[
    "Main",
    "Signal Attributes",
    "-Other"
   ],
   "tabs_idx":[
    0,
    1,
    2
   ]
  },
  "obj_viewer":[
  ]
 },
 {
  "id":"RocketFlight_TestModel:297:246",
  "name":"wmm (kg)",
  "viewer":{
   "jshandler":"webview/handlers/ElementHandler"
  },
  "inspector":{
   "params":[
    "Decimation",
    "Floating",
    "Format"
   ],
   "values":[
    "1",
    "off",
    "short"
   ],
   "tabs":[
    "Parameter Attributes",
    "-Other"
   ],
   "tabs_idx":[
    0,
    1
   ]
  },
  "obj_viewer":[
  ]
 },
 {
  "id":"RocketFlight_TestModel:297:234",
  "name":"Launch Altitude (m)2",
  "viewer":{
   "jshandler":"webview/handlers/ElementHandler"
  },
  "inspector":{
   "params":[
    "Value",
    "OutDataTypeStr",
    "FramePeriod",
    "LockScale",
    "OutMax",
    "OutMin",
    "SampleTime",
    "SamplingMode",
    "VectorParams1D"
   ],
   "values":[
    "dry_rocket_cog",
    "Inherit: Inherit from 'Constant value'",
    "inf",
    "off",
    "[]",
    "[]",
    "inf",
    "Sample based",
    "on"
   ],
   "tabs":[
    "Main",
    "Signal Attributes",
    "-Other"
   ],
   "tabs_idx":[
    0,
    1,
    2
   ]
  },
  "obj_viewer":[
  ]
 },
 {
  "id":"RocketFlight_TestModel:297:241",
  "name":"Trajectory Scope",
  "viewer":{
   "jshandler":"webview/handlers/ElementHandler"
  },
  "inspector":[
  ],
  "obj_viewer":[
  ]
 },
 {
  "id":"RocketFlight_TestModel:297:239",
  "name":"Rocket Drag Model",
  "viewer":{
   "jshandler":"webview/handlers/ContainerHandler",
   "trgSid":"RocketFlight_TestModel:297:239"
  },
  "inspector":{
   "params":[
    "ShowPortLabels",
    "Permissions",
    "ErrorFcn",
    "PermitHierarchicalResolution",
    "TreatAsAtomicUnit",
    "RTWSystemCode",
    "ActiveVariant",
    "ActiveVariantBlock",
    "BlockChoice",
    "CheckFcnCallInpInsideContextMsg",
    "FunctionInterfaceSpec",
    "FunctionWithSeparateData",
    "GeneratePreprocessorConditionals",
    "IsSubsystemVirtual",
    "MemberBlocks",
    "MinAlgLoopOccurrences",
    "OverrideUsingVariant",
    "PropExecContextOutsideSubsystem",
    "RTWFcnName",
    "RTWFcnNameOpts",
    "RTWFileName",
    "RTWFileNameOpts",
    "RTWMemSecDataConstants",
    "RTWMemSecDataInternal",
    "RTWMemSecDataParameters",
    "RTWMemSecFuncExecute",
    "RTWMemSecFuncInitTerm",
    "SystemSampleTime",
    "TemplateBlock",
    "Variant",
    "VariantControl"
   ],
   "values":[
    "FromPortIcon",
    "ReadWrite",
    "",
    "All",
    "off",
    "Auto",
    "",
    "",
    "",
    "off",
    "void_void",
    "off",
    "off",
    "on",
    "",
    "off",
    "",
    "off",
    "",
    "Auto",
    "",
    "Auto",
    "Inherit from model",
    "Inherit from model",
    "Inherit from model",
    "Inherit from model",
    "Inherit from model",
    "-1",
    "",
    "off",
    ""
   ],
   "tabs":[
    "Parameter Attributes",
    "-Other"
   ],
   "tabs_idx":[
    0,
    6
   ]
  },
  "obj_viewer":[
  ]
 },
 {
  "id":"RocketFlight_TestModel:297:243",
  "name":"Wind_x",
  "viewer":{
   "jshandler":"webview/handlers/ElementHandler"
  },
  "inspector":{
   "params":[
    "Value",
    "OutDataTypeStr",
    "FramePeriod",
    "LockScale",
    "OutMax",
    "OutMin",
    "SampleTime",
    "SamplingMode",
    "VectorParams1D"
   ],
   "values":[
    "0",
    "Inherit: Inherit from 'Constant value'",
    "inf",
    "off",
    "[]",
    "[]",
    "inf",
    "Sample based",
    "on"
   ],
   "tabs":[
    "Main",
    "Signal Attributes",
    "-Other"
   ],
   "tabs_idx":[
    0,
    1,
    2
   ]
  },
  "obj_viewer":[
  ]
 },
 {
  "id":"RocketFlight_TestModel:297:244",
  "name":"Wind_z",
  "viewer":{
   "jshandler":"webview/handlers/ElementHandler"
  },
  "inspector":{
   "params":[
    "Value",
    "OutDataTypeStr",
    "FramePeriod",
    "LockScale",
    "OutMax",
    "OutMin",
    "SampleTime",
    "SamplingMode",
    "VectorParams1D"
   ],
   "values":[
    "0",
    "Inherit: Inherit from 'Constant value'",
    "inf",
    "off",
    "[]",
    "[]",
    "inf",
    "Sample based",
    "on"
   ],
   "tabs":[
    "Main",
    "Signal Attributes",
    "-Other"
   ],
   "tabs_idx":[
    0,
    1,
    2
   ]
  },
  "obj_viewer":[
  ]
 },
 {
  "id":"RocketFlight_TestModel:297:238",
  "name":"Rocket 2DOF Translation",
  "viewer":{
   "jshandler":"webview/handlers/ContainerHandler",
   "trgSid":"RocketFlight_TestModel:297:238"
  },
  "inspector":{
   "params":[
    "ShowPortLabels",
    "Permissions",
    "ErrorFcn",
    "PermitHierarchicalResolution",
    "TreatAsAtomicUnit",
    "RTWSystemCode",
    "ActiveVariant",
    "ActiveVariantBlock",
    "BlockChoice",
    "CheckFcnCallInpInsideContextMsg",
    "FunctionInterfaceSpec",
    "FunctionWithSeparateData",
    "GeneratePreprocessorConditionals",
    "IsSubsystemVirtual",
    "MemberBlocks",
    "MinAlgLoopOccurrences",
    "OverrideUsingVariant",
    "PropExecContextOutsideSubsystem",
    "RTWFcnName",
    "RTWFcnNameOpts",
    "RTWFileName",
    "RTWFileNameOpts",
    "RTWMemSecDataConstants",
    "RTWMemSecDataInternal",
    "RTWMemSecDataParameters",
    "RTWMemSecFuncExecute",
    "RTWMemSecFuncInitTerm",
    "SystemSampleTime",
    "TemplateBlock",
    "Variant",
    "VariantControl"
   ],
   "values":[
    "FromPortIcon",
    "ReadWrite",
    "",
    "All",
    "off",
    "Auto",
    "",
    "",
    "",
    "off",
    "void_void",
    "off",
    "off",
    "on",
    "",
    "off",
    "",
    "off",
    "",
    "Auto",
    "",
    "Auto",
    "Inherit from model",
    "Inherit from model",
    "Inherit from model",
    "Inherit from model",
    "Inherit from model",
    "-1",
    "",
    "off",
    ""
   ],
   "tabs":[
    "Parameter Attributes",
    "-Other"
   ],
   "tabs_idx":[
    0,
    6
   ]
  },
  "obj_viewer":[
  ]
 },
 {
  "id":"RocketFlight_TestModel:297:236",
  "name":"Propulsion Dynamics",
  "viewer":{
   "jshandler":"webview/handlers/ContainerHandler",
   "trgSid":"RocketFlight_TestModel:297:236"
  },
  "inspector":{
   "params":[
    "ShowPortLabels",
    "Permissions",
    "ErrorFcn",
    "PermitHierarchicalResolution",
    "TreatAsAtomicUnit",
    "RTWSystemCode",
    "ActiveVariant",
    "ActiveVariantBlock",
    "BlockChoice",
    "CheckFcnCallInpInsideContextMsg",
    "FunctionInterfaceSpec",
    "FunctionWithSeparateData",
    "GeneratePreprocessorConditionals",
    "IsSubsystemVirtual",
    "MemberBlocks",
    "MinAlgLoopOccurrences",
    "OverrideUsingVariant",
    "PropExecContextOutsideSubsystem",
    "RTWFcnName",
    "RTWFcnNameOpts",
    "RTWFileName",
    "RTWFileNameOpts",
    "RTWMemSecDataConstants",
    "RTWMemSecDataInternal",
    "RTWMemSecDataParameters",
    "RTWMemSecFuncExecute",
    "RTWMemSecFuncInitTerm",
    "SystemSampleTime",
    "TemplateBlock",
    "Variant",
    "VariantControl"
   ],
   "values":[
    "FromPortIcon",
    "ReadWrite",
    "",
    "All",
    "off",
    "Auto",
    "",
    "",
    "",
    "off",
    "void_void",
    "off",
    "off",
    "on",
    "",
    "off",
    "",
    "off",
    "",
    "Auto",
    "",
    "Auto",
    "Inherit from model",
    "Inherit from model",
    "Inherit from model",
    "Inherit from model",
    "Inherit from model",
    "-1",
    "",
    "off",
    ""
   ],
   "tabs":[
    "Parameter Attributes",
    "-Other"
   ],
   "tabs_idx":[
    0,
    6
   ]
  },
  "obj_viewer":[
  ]
 },
 {
  "id":"RocketFlight_TestModel:297:204",
  "name":"Rocket Altitude",
  "viewer":{
   "jshandler":"webview/handlers/ElementHandler"
  },
  "inspector":{
   "params":[
    "OutDataTypeStr",
    "BusOutputAsStruct",
    "IconDisplay",
    "Interpolate",
    "LatchByDelayingOutsideSignal",
    "LatchInputForFeedbackSignals",
    "LockScale",
    "OutMax",
    "OutMin",
    "OutputFunctionCall",
    "Port",
    "PortDimensions",
    "SampleTime",
    "SamplingMode",
    "SignalType",
    "VarSizeSig"
   ],
   "values":[
    "Inherit: auto",
    "off",
    "Port number",
    "on",
    "off",
    "off",
    "off",
    "[]",
    "[]",
    "off",
    "1",
    "-1",
    "-1",
    "auto",
    "auto",
    "Inherit"
   ],
   "tabs":[
    "Signal Attributes",
    "-Other"
   ],
   "tabs_idx":[
    0,
    1
   ]
  },
  "obj_viewer":[
  ]
 },
 {
  "id":"RocketFlight_TestModel:297:205",
  "name":"Angle of Attack",
  "viewer":{
   "jshandler":"webview/handlers/ElementHandler"
  },
  "inspector":{
   "params":[
    "OutDataTypeStr",
    "BusOutputAsStruct",
    "IconDisplay",
    "Interpolate",
    "LatchByDelayingOutsideSignal",
    "LatchInputForFeedbackSignals",
    "LockScale",
    "OutMax",
    "OutMin",
    "OutputFunctionCall",
    "Port",
    "PortDimensions",
    "SampleTime",
    "SamplingMode",
    "SignalType",
    "VarSizeSig"
   ],
   "values":[
    "Inherit: auto",
    "off",
    "Port number",
    "on",
    "off",
    "off",
    "off",
    "[]",
    "[]",
    "off",
    "2",
    "-1",
    "-1",
    "auto",
    "auto",
    "Inherit"
   ],
   "tabs":[
    "Signal Attributes",
    "-Other"
   ],
   "tabs_idx":[
    0,
    1
   ]
  },
  "obj_viewer":[
  ]
 },
 {
  "id":"RocketFlight_TestModel:297:247",
  "name":"Rocket Position",
  "viewer":{
   "jshandler":"webview/handlers/ElementHandler"
  },
  "inspector":{
   "params":[
    "OutDataTypeStr",
    "BusOutputAsStruct",
    "IconDisplay",
    "InitialOutput",
    "LockScale",
    "OutMax",
    "OutMin",
    "OutputWhenDisabled",
    "Port",
    "PortDimensions",
    "SampleTime",
    "SamplingMode",
    "SignalType",
    "SourceOfInitialOutputValue",
    "VarSizeSig"
   ],
   "values":[
    "Inherit: auto",
    "off",
    "Port number",
    "[]",
    "off",
    "[]",
    "[]",
    "held",
    "1",
    "-1",
    "-1",
    "auto",
    "auto",
    "Dialog",
    "Inherit"
   ],
   "tabs":[
    "Signal Attributes",
    "-Other"
   ],
   "tabs_idx":[
    0,
    1
   ]
  },
  "obj_viewer":[
  ]
 },
 {
  "id":"RocketFlight_TestModel:297:248",
  "name":"Reference Area",
  "viewer":{
   "jshandler":"webview/handlers/ElementHandler"
  },
  "inspector":{
   "params":[
    "OutDataTypeStr",
    "BusOutputAsStruct",
    "IconDisplay",
    "InitialOutput",
    "LockScale",
    "OutMax",
    "OutMin",
    "OutputWhenDisabled",
    "Port",
    "PortDimensions",
    "SampleTime",
    "SamplingMode",
    "SignalType",
    "SourceOfInitialOutputValue",
    "VarSizeSig"
   ],
   "values":[
    "Inherit: auto",
    "off",
    "Port number",
    "[]",
    "off",
    "[]",
    "[]",
    "held",
    "2",
    "-1",
    "-1",
    "auto",
    "auto",
    "Dialog",
    "Inherit"
   ],
   "tabs":[
    "Signal Attributes",
    "-Other"
   ],
   "tabs_idx":[
    0,
    1
   ]
  },
  "obj_viewer":[
  ]
 },
 {
  "id":"RocketFlight_TestModel:297:249",
  "name":"Local Density",
  "viewer":{
   "jshandler":"webview/handlers/ElementHandler"
  },
  "inspector":{
   "params":[
    "OutDataTypeStr",
    "BusOutputAsStruct",
    "IconDisplay",
    "InitialOutput",
    "LockScale",
    "OutMax",
    "OutMin",
    "OutputWhenDisabled",
    "Port",
    "PortDimensions",
    "SampleTime",
    "SamplingMode",
    "SignalType",
    "SourceOfInitialOutputValue",
    "VarSizeSig"
   ],
   "values":[
    "Inherit: auto",
    "off",
    "Port number",
    "[]",
    "off",
    "[]",
    "[]",
    "held",
    "3",
    "-1",
    "-1",
    "auto",
    "auto",
    "Dialog",
    "Inherit"
   ],
   "tabs":[
    "Signal Attributes",
    "-Other"
   ],
   "tabs_idx":[
    0,
    1
   ]
  },
  "obj_viewer":[
  ]
 },
 {
  "id":"RocketFlight_TestModel:297:250",
  "name":"Rocket Velocity Magnitude",
  "viewer":{
   "jshandler":"webview/handlers/ElementHandler"
  },
  "inspector":{
   "params":[
    "OutDataTypeStr",
    "BusOutputAsStruct",
    "IconDisplay",
    "InitialOutput",
    "LockScale",
    "OutMax",
    "OutMin",
    "OutputWhenDisabled",
    "Port",
    "PortDimensions",
    "SampleTime",
    "SamplingMode",
    "SignalType",
    "SourceOfInitialOutputValue",
    "VarSizeSig"
   ],
   "values":[
    "Inherit: auto",
    "off",
    "Port number",
    "[]",
    "off",
    "[]",
    "[]",
    "held",
    "4",
    "-1",
    "-1",
    "auto",
    "auto",
    "Dialog",
    "Inherit"
   ],
   "tabs":[
    "Signal Attributes",
    "-Other"
   ],
   "tabs_idx":[
    0,
    1
   ]
  },
  "obj_viewer":[
  ]
 },
 {
  "id":"RocketFlight_TestModel:297:251",
  "name":"Rocket Moment Inertia Initial",
  "viewer":{
   "jshandler":"webview/handlers/ElementHandler"
  },
  "inspector":{
   "params":[
    "OutDataTypeStr",
    "BusOutputAsStruct",
    "IconDisplay",
    "InitialOutput",
    "LockScale",
    "OutMax",
    "OutMin",
    "OutputWhenDisabled",
    "Port",
    "PortDimensions",
    "SampleTime",
    "SamplingMode",
    "SignalType",
    "SourceOfInitialOutputValue",
    "VarSizeSig"
   ],
   "values":[
    "Inherit: auto",
    "off",
    "Port number",
    "[]",
    "off",
    "[]",
    "[]",
    "held",
    "5",
    "-1",
    "-1",
    "auto",
    "auto",
    "Dialog",
    "Inherit"
   ],
   "tabs":[
    "Signal Attributes",
    "-Other"
   ],
   "tabs_idx":[
    0,
    1
   ]
  },
  "obj_viewer":[
  ]
 },
 {
  "id":"RocketFlight_TestModel:297:252",
  "name":"Rocket COG Dry",
  "viewer":{
   "jshandler":"webview/handlers/ElementHandler"
  },
  "inspector":{
   "params":[
    "OutDataTypeStr",
    "BusOutputAsStruct",
    "IconDisplay",
    "InitialOutput",
    "LockScale",
    "OutMax",
    "OutMin",
    "OutputWhenDisabled",
    "Port",
    "PortDimensions",
    "SampleTime",
    "SamplingMode",
    "SignalType",
    "SourceOfInitialOutputValue",
    "VarSizeSig"
   ],
   "values":[
    "Inherit: auto",
    "off",
    "Port number",
    "[]",
    "off",
    "[]",
    "[]",
    "held",
    "6",
    "-1",
    "-1",
    "auto",
    "auto",
    "Dialog",
    "Inherit"
   ],
   "tabs":[
    "Signal Attributes",
    "-Other"
   ],
   "tabs_idx":[
    0,
    1
   ]
  },
  "obj_viewer":[
  ]
 },
 {
  "id":"RocketFlight_TestModel:297:253",
  "name":"Motor Mass m(t)",
  "viewer":{
   "jshandler":"webview/handlers/ElementHandler"
  },
  "inspector":{
   "params":[
    "OutDataTypeStr",
    "BusOutputAsStruct",
    "IconDisplay",
    "InitialOutput",
    "LockScale",
    "OutMax",
    "OutMin",
    "OutputWhenDisabled",
    "Port",
    "PortDimensions",
    "SampleTime",
    "SamplingMode",
    "SignalType",
    "SourceOfInitialOutputValue",
    "VarSizeSig"
   ],
   "values":[
    "Inherit: auto",
    "off",
    "Port number",
    "[]",
    "off",
    "[]",
    "[]",
    "held",
    "7",
    "-1",
    "-1",
    "auto",
    "auto",
    "Dialog",
    "Inherit"
   ],
   "tabs":[
    "Signal Attributes",
    "-Other"
   ],
   "tabs_idx":[
    0,
    1
   ]
  },
  "obj_viewer":[
  ]
 },
 {
  "id":"RocketFlight_TestModel:297:208#out:1",
  "name":"",
  "viewer":{
   "jshandler":"webview/handlers/ElementHandler"
  },
  "inspector":{
   "params":[
    "SignalNameFromLabel",
    "MustResolveToSignal",
    "ShowPropagatedSignal",
    "DataLogging",
    "TestPoint",
    "SignalObjectPackage",
    "StorageClass",
    "Description",
    "documentLink"
   ],
   "values":[
    "",
    "off",
    "off",
    "off",
    "off",
    "--- None ---",
    "Auto",
    "",
    ""
   ],
   "tabs":[
    "Logging and accessibility",
    "Code Generation",
    "Documentation"
   ],
   "tabs_idx":[
    3,
    5,
    7
   ]
  },
  "obj_viewer":[
  ]
 },
 {
  "id":"RocketFlight_TestModel:297:238#out:2",
  "name":"",
  "viewer":{
   "jshandler":"webview/handlers/ElementHandler"
  },
  "inspector":{
   "params":[
    "SignalNameFromLabel",
    "MustResolveToSignal",
    "ShowPropagatedSignal",
    "DataLogging",
    "TestPoint",
    "SignalObjectPackage",
    "StorageClass",
    "Description",
    "documentLink"
   ],
   "values":[
    "",
    "off",
    "off",
    "off",
    "off",
    "--- None ---",
    "Auto",
    "",
    ""
   ],
   "tabs":[
    "Logging and accessibility",
    "Code Generation",
    "Documentation"
   ],
   "tabs_idx":[
    3,
    5,
    7
   ]
  },
  "obj_viewer":[
  ]
 },
 {
  "id":"RocketFlight_TestModel:297:238#out:3",
  "name":"",
  "viewer":{
   "jshandler":"webview/handlers/ElementHandler"
  },
  "inspector":{
   "params":[
    "SignalNameFromLabel",
    "MustResolveToSignal",
    "ShowPropagatedSignal",
    "DataLogging",
    "TestPoint",
    "SignalObjectPackage",
    "StorageClass",
    "Description",
    "documentLink"
   ],
   "values":[
    "",
    "off",
    "off",
    "off",
    "off",
    "--- None ---",
    "Auto",
    "",
    ""
   ],
   "tabs":[
    "Logging and accessibility",
    "Code Generation",
    "Documentation"
   ],
   "tabs_idx":[
    3,
    5,
    7
   ]
  },
  "obj_viewer":[
  ]
 },
 {
  "id":"RocketFlight_TestModel:297:236#out:5",
  "name":"Motor Mass (kg)",
  "viewer":{
   "jshandler":"webview/handlers/ElementHandler"
  },
  "inspector":{
   "params":[
    "SignalNameFromLabel",
    "MustResolveToSignal",
    "ShowPropagatedSignal",
    "DataLogging",
    "TestPoint",
    "SignalObjectPackage",
    "StorageClass",
    "Description",
    "documentLink"
   ],
   "values":[
    "Motor Mass (kg)",
    "off",
    "off",
    "off",
    "off",
    "--- None ---",
    "Auto",
    "",
    ""
   ],
   "tabs":[
    "Logging and accessibility",
    "Code Generation",
    "Documentation"
   ],
   "tabs_idx":[
    3,
    5,
    7
   ]
  },
  "obj_viewer":[
  ]
 },
 {
  "id":"RocketFlight_TestModel:297:236#out:1",
  "name":"Mass (kg)",
  "viewer":{
   "jshandler":"webview/handlers/ElementHandler"
  },
  "inspector":{
   "params":[
    "SignalNameFromLabel",
    "MustResolveToSignal",
    "ShowPropagatedSignal",
    "DataLogging",
    "TestPoint",
    "SignalObjectPackage",
    "StorageClass",
    "Description",
    "documentLink"
   ],
   "values":[
    "Mass (kg)",
    "off",
    "off",
    "off",
    "off",
    "--- None ---",
    "Auto",
    "",
    ""
   ],
   "tabs":[
    "Logging and accessibility",
    "Code Generation",
    "Documentation"
   ],
   "tabs_idx":[
    3,
    5,
    7
   ]
  },
  "obj_viewer":[
  ]
 },
 {
  "id":"RocketFlight_TestModel:297:238#out:4",
  "name":"",
  "viewer":{
   "jshandler":"webview/handlers/ElementHandler"
  },
  "inspector":{
   "params":[
    "SignalNameFromLabel",
    "MustResolveToSignal",
    "ShowPropagatedSignal",
    "DataLogging",
    "TestPoint",
    "SignalObjectPackage",
    "StorageClass",
    "Description",
    "documentLink"
   ],
   "values":[
    "",
    "off",
    "off",
    "off",
    "off",
    "--- None ---",
    "Auto",
    "",
    ""
   ],
   "tabs":[
    "Logging and accessibility",
    "Code Generation",
    "Documentation"
   ],
   "tabs_idx":[
    3,
    5,
    7
   ]
  },
  "obj_viewer":[
  ]
 },
 {
  "id":"RocketFlight_TestModel:297:243#out:1",
  "name":"",
  "viewer":{
   "jshandler":"webview/handlers/ElementHandler"
  },
  "inspector":{
   "params":[
    "SignalNameFromLabel",
    "MustResolveToSignal",
    "ShowPropagatedSignal",
    "DataLogging",
    "TestPoint",
    "SignalObjectPackage",
    "StorageClass",
    "Description",
    "documentLink"
   ],
   "values":[
    "",
    "off",
    "off",
    "off",
    "off",
    "--- None ---",
    "Auto",
    "",
    ""
   ],
   "tabs":[
    "Logging and accessibility",
    "Code Generation",
    "Documentation"
   ],
   "tabs_idx":[
    3,
    5,
    7
   ]
  },
  "obj_viewer":[
  ]
 },
 {
  "id":"RocketFlight_TestModel:297:239#out:2",
  "name":"Drag Coefficieent",
  "viewer":{
   "jshandler":"webview/handlers/ElementHandler"
  },
  "inspector":{
   "params":[
    "SignalNameFromLabel",
    "MustResolveToSignal",
    "ShowPropagatedSignal",
    "DataLogging",
    "TestPoint",
    "SignalObjectPackage",
    "StorageClass",
    "Description",
    "documentLink"
   ],
   "values":[
    "Drag Coefficieent",
    "off",
    "off",
    "off",
    "off",
    "--- None ---",
    "Auto",
    "",
    ""
   ],
   "tabs":[
    "Logging and accessibility",
    "Code Generation",
    "Documentation"
   ],
   "tabs_idx":[
    3,
    5,
    7
   ]
  },
  "obj_viewer":[
  ]
 },
 {
  "id":"RocketFlight_TestModel:297:237#out:1",
  "name":"",
  "viewer":{
   "jshandler":"webview/handlers/ElementHandler"
  },
  "inspector":{
   "params":[
    "SignalNameFromLabel",
    "MustResolveToSignal",
    "ShowPropagatedSignal",
    "DataLogging",
    "TestPoint",
    "SignalObjectPackage",
    "StorageClass",
    "Description",
    "documentLink"
   ],
   "values":[
    "",
    "off",
    "off",
    "off",
    "off",
    "--- None ---",
    "Auto",
    "",
    ""
   ],
   "tabs":[
    "Logging and accessibility",
    "Code Generation",
    "Documentation"
   ],
   "tabs_idx":[
    3,
    5,
    7
   ]
  },
  "obj_viewer":[
  ]
 },
 {
  "id":"RocketFlight_TestModel:297:242#out:1",
  "name":"",
  "viewer":{
   "jshandler":"webview/handlers/ElementHandler"
  },
  "inspector":{
   "params":[
    "SignalNameFromLabel",
    "MustResolveToSignal",
    "ShowPropagatedSignal",
    "DataLogging",
    "TestPoint",
    "SignalObjectPackage",
    "StorageClass",
    "Description",
    "documentLink"
   ],
   "values":[
    "",
    "off",
    "off",
    "off",
    "off",
    "--- None ---",
    "Auto",
    "",
    ""
   ],
   "tabs":[
    "Logging and accessibility",
    "Code Generation",
    "Documentation"
   ],
   "tabs_idx":[
    3,
    5,
    7
   ]
  },
  "obj_viewer":[
  ]
 },
 {
  "id":"RocketFlight_TestModel:297:239#out:1",
  "name":"Drag Force",
  "viewer":{
   "jshandler":"webview/handlers/ElementHandler"
  },
  "inspector":{
   "params":[
    "SignalNameFromLabel",
    "MustResolveToSignal",
    "ShowPropagatedSignal",
    "DataLogging",
    "TestPoint",
    "SignalObjectPackage",
    "StorageClass",
    "Description",
    "documentLink"
   ],
   "values":[
    "Drag Force",
    "off",
    "off",
    "off",
    "off",
    "--- None ---",
    "Auto",
    "",
    ""
   ],
   "tabs":[
    "Logging and accessibility",
    "Code Generation",
    "Documentation"
   ],
   "tabs_idx":[
    3,
    5,
    7
   ]
  },
  "obj_viewer":[
  ]
 },
 {
  "id":"RocketFlight_TestModel:297:239#out:3",
  "name":"Reynolds Number",
  "viewer":{
   "jshandler":"webview/handlers/ElementHandler"
  },
  "inspector":{
   "params":[
    "SignalNameFromLabel",
    "MustResolveToSignal",
    "ShowPropagatedSignal",
    "DataLogging",
    "TestPoint",
    "SignalObjectPackage",
    "StorageClass",
    "Description",
    "documentLink"
   ],
   "values":[
    "Reynolds Number",
    "off",
    "off",
    "off",
    "off",
    "--- None ---",
    "Auto",
    "",
    ""
   ],
   "tabs":[
    "Logging and accessibility",
    "Code Generation",
    "Documentation"
   ],
   "tabs_idx":[
    3,
    5,
    7
   ]
  },
  "obj_viewer":[
  ]
 },
 {
  "id":"RocketFlight_TestModel:297:208#out:2",
  "name":"",
  "viewer":{
   "jshandler":"webview/handlers/ElementHandler"
  },
  "inspector":{
   "params":[
    "SignalNameFromLabel",
    "MustResolveToSignal",
    "ShowPropagatedSignal",
    "DataLogging",
    "TestPoint",
    "SignalObjectPackage",
    "StorageClass",
    "Description",
    "documentLink"
   ],
   "values":[
    "",
    "off",
    "off",
    "off",
    "off",
    "--- None ---",
    "Auto",
    "",
    ""
   ],
   "tabs":[
    "Logging and accessibility",
    "Code Generation",
    "Documentation"
   ],
   "tabs_idx":[
    3,
    5,
    7
   ]
  },
  "obj_viewer":[
  ]
 },
 {
  "id":"RocketFlight_TestModel:297:233#out:1",
  "name":"",
  "viewer":{
   "jshandler":"webview/handlers/ElementHandler"
  },
  "inspector":{
   "params":[
    "SignalNameFromLabel",
    "MustResolveToSignal",
    "ShowPropagatedSignal",
    "DataLogging",
    "TestPoint",
    "SignalObjectPackage",
    "StorageClass",
    "Description",
    "documentLink"
   ],
   "values":[
    "",
    "off",
    "off",
    "off",
    "off",
    "--- None ---",
    "Auto",
    "",
    ""
   ],
   "tabs":[
    "Logging and accessibility",
    "Code Generation",
    "Documentation"
   ],
   "tabs_idx":[
    3,
    5,
    7
   ]
  },
  "obj_viewer":[
  ]
 },
 {
  "id":"RocketFlight_TestModel:297:236#out:2",
  "name":"Weight (N)",
  "viewer":{
   "jshandler":"webview/handlers/ElementHandler"
  },
  "inspector":{
   "params":[
    "SignalNameFromLabel",
    "MustResolveToSignal",
    "ShowPropagatedSignal",
    "DataLogging",
    "TestPoint",
    "SignalObjectPackage",
    "StorageClass",
    "Description",
    "documentLink"
   ],
   "values":[
    "Weight (N)",
    "off",
    "off",
    "off",
    "off",
    "--- None ---",
    "Auto",
    "",
    ""
   ],
   "tabs":[
    "Logging and accessibility",
    "Code Generation",
    "Documentation"
   ],
   "tabs_idx":[
    3,
    5,
    7
   ]
  },
  "obj_viewer":[
  ]
 },
 {
  "id":"RocketFlight_TestModel:297:208#out:5",
  "name":"",
  "viewer":{
   "jshandler":"webview/handlers/ElementHandler"
  },
  "inspector":{
   "params":[
    "SignalNameFromLabel",
    "MustResolveToSignal",
    "ShowPropagatedSignal",
    "DataLogging",
    "TestPoint",
    "SignalObjectPackage",
    "StorageClass",
    "Description",
    "documentLink"
   ],
   "values":[
    "",
    "off",
    "off",
    "off",
    "off",
    "--- None ---",
    "Auto",
    "",
    ""
   ],
   "tabs":[
    "Logging and accessibility",
    "Code Generation",
    "Documentation"
   ],
   "tabs_idx":[
    3,
    5,
    7
   ]
  },
  "obj_viewer":[
  ]
 },
 {
  "id":"RocketFlight_TestModel:297:208#out:3",
  "name":"",
  "viewer":{
   "jshandler":"webview/handlers/ElementHandler"
  },
  "inspector":{
   "params":[
    "SignalNameFromLabel",
    "MustResolveToSignal",
    "ShowPropagatedSignal",
    "DataLogging",
    "TestPoint",
    "SignalObjectPackage",
    "StorageClass",
    "Description",
    "documentLink"
   ],
   "values":[
    "",
    "off",
    "off",
    "off",
    "off",
    "--- None ---",
    "Auto",
    "",
    ""
   ],
   "tabs":[
    "Logging and accessibility",
    "Code Generation",
    "Documentation"
   ],
   "tabs_idx":[
    3,
    5,
    7
   ]
  },
  "obj_viewer":[
  ]
 },
 {
  "id":"RocketFlight_TestModel:297:236#out:4",
  "name":"Mass Prop. (kg)",
  "viewer":{
   "jshandler":"webview/handlers/ElementHandler"
  },
  "inspector":{
   "params":[
    "SignalNameFromLabel",
    "MustResolveToSignal",
    "ShowPropagatedSignal",
    "DataLogging",
    "TestPoint",
    "SignalObjectPackage",
    "StorageClass",
    "Description",
    "documentLink"
   ],
   "values":[
    "Mass Prop. (kg)",
    "off",
    "off",
    "off",
    "off",
    "--- None ---",
    "Auto",
    "",
    ""
   ],
   "tabs":[
    "Logging and accessibility",
    "Code Generation",
    "Documentation"
   ],
   "tabs_idx":[
    3,
    5,
    7
   ]
  },
  "obj_viewer":[
  ]
 },
 {
  "id":"RocketFlight_TestModel:297:206#out:1",
  "name":"",
  "viewer":{
   "jshandler":"webview/handlers/ElementHandler"
  },
  "inspector":{
   "params":[
    "SignalNameFromLabel",
    "MustResolveToSignal",
    "ShowPropagatedSignal",
    "DataLogging",
    "TestPoint",
    "SignalObjectPackage",
    "StorageClass",
    "Description",
    "documentLink"
   ],
   "values":[
    "",
    "off",
    "off",
    "off",
    "off",
    "--- None ---",
    "Auto",
    "",
    ""
   ],
   "tabs":[
    "Logging and accessibility",
    "Code Generation",
    "Documentation"
   ],
   "tabs_idx":[
    3,
    5,
    7
   ]
  },
  "obj_viewer":[
  ]
 },
 {
  "id":"RocketFlight_TestModel:297:220#out:1",
  "name":"",
  "viewer":{
   "jshandler":"webview/handlers/ElementHandler"
  },
  "inspector":{
   "params":[
    "SignalNameFromLabel",
    "MustResolveToSignal",
    "ShowPropagatedSignal",
    "DataLogging",
    "TestPoint",
    "SignalObjectPackage",
    "StorageClass",
    "Description",
    "documentLink"
   ],
   "values":[
    "",
    "off",
    "off",
    "off",
    "off",
    "--- None ---",
    "Auto",
    "",
    ""
   ],
   "tabs":[
    "Logging and accessibility",
    "Code Generation",
    "Documentation"
   ],
   "tabs_idx":[
    3,
    5,
    7
   ]
  },
  "obj_viewer":[
  ]
 },
 {
  "id":"RocketFlight_TestModel:297:231#out:1",
  "name":"",
  "viewer":{
   "jshandler":"webview/handlers/ElementHandler"
  },
  "inspector":{
   "params":[
    "SignalNameFromLabel",
    "MustResolveToSignal",
    "ShowPropagatedSignal",
    "DataLogging",
    "TestPoint",
    "SignalObjectPackage",
    "StorageClass",
    "Description",
    "documentLink"
   ],
   "values":[
    "",
    "off",
    "off",
    "off",
    "off",
    "--- None ---",
    "Auto",
    "",
    ""
   ],
   "tabs":[
    "Logging and accessibility",
    "Code Generation",
    "Documentation"
   ],
   "tabs_idx":[
    3,
    5,
    7
   ]
  },
  "obj_viewer":[
  ]
 },
 {
  "id":"RocketFlight_TestModel:297:236#out:3",
  "name":"Thrust (N)",
  "viewer":{
   "jshandler":"webview/handlers/ElementHandler"
  },
  "inspector":{
   "params":[
    "SignalNameFromLabel",
    "MustResolveToSignal",
    "ShowPropagatedSignal",
    "DataLogging",
    "TestPoint",
    "SignalObjectPackage",
    "StorageClass",
    "Description",
    "documentLink"
   ],
   "values":[
    "Thrust (N)",
    "off",
    "off",
    "off",
    "off",
    "--- None ---",
    "Auto",
    "",
    ""
   ],
   "tabs":[
    "Logging and accessibility",
    "Code Generation",
    "Documentation"
   ],
   "tabs_idx":[
    3,
    5,
    7
   ]
  },
  "obj_viewer":[
  ]
 },
 {
  "id":"RocketFlight_TestModel:297:240#out:1",
  "name":"",
  "viewer":{
   "jshandler":"webview/handlers/ElementHandler"
  },
  "inspector":{
   "params":[
    "SignalNameFromLabel",
    "MustResolveToSignal",
    "ShowPropagatedSignal",
    "DataLogging",
    "TestPoint",
    "SignalObjectPackage",
    "StorageClass",
    "Description",
    "documentLink"
   ],
   "values":[
    "",
    "off",
    "off",
    "off",
    "off",
    "--- None ---",
    "Auto",
    "",
    ""
   ],
   "tabs":[
    "Logging and accessibility",
    "Code Generation",
    "Documentation"
   ],
   "tabs_idx":[
    3,
    5,
    7
   ]
  },
  "obj_viewer":[
  ]
 },
 {
  "id":"RocketFlight_TestModel:297:245#out:1",
  "name":"",
  "viewer":{
   "jshandler":"webview/handlers/ElementHandler"
  },
  "inspector":{
   "params":[
    "SignalNameFromLabel",
    "MustResolveToSignal",
    "ShowPropagatedSignal",
    "DataLogging",
    "TestPoint",
    "SignalObjectPackage",
    "StorageClass",
    "Description",
    "documentLink"
   ],
   "values":[
    "",
    "off",
    "off",
    "off",
    "off",
    "--- None ---",
    "Auto",
    "",
    ""
   ],
   "tabs":[
    "Logging and accessibility",
    "Code Generation",
    "Documentation"
   ],
   "tabs_idx":[
    3,
    5,
    7
   ]
  },
  "obj_viewer":[
  ]
 },
 {
  "id":"RocketFlight_TestModel:297:234#out:1",
  "name":"",
  "viewer":{
   "jshandler":"webview/handlers/ElementHandler"
  },
  "inspector":{
   "params":[
    "SignalNameFromLabel",
    "MustResolveToSignal",
    "ShowPropagatedSignal",
    "DataLogging",
    "TestPoint",
    "SignalObjectPackage",
    "StorageClass",
    "Description",
    "documentLink"
   ],
   "values":[
    "",
    "off",
    "off",
    "off",
    "off",
    "--- None ---",
    "Auto",
    "",
    ""
   ],
   "tabs":[
    "Logging and accessibility",
    "Code Generation",
    "Documentation"
   ],
   "tabs_idx":[
    3,
    5,
    7
   ]
  },
  "obj_viewer":[
  ]
 },
 {
  "id":"RocketFlight_TestModel:297:235#out:1",
  "name":"",
  "viewer":{
   "jshandler":"webview/handlers/ElementHandler"
  },
  "inspector":{
   "params":[
    "SignalNameFromLabel",
    "MustResolveToSignal",
    "ShowPropagatedSignal",
    "DataLogging",
    "TestPoint",
    "SignalObjectPackage",
    "StorageClass",
    "Description",
    "documentLink"
   ],
   "values":[
    "",
    "off",
    "off",
    "off",
    "off",
    "--- None ---",
    "Auto",
    "",
    ""
   ],
   "tabs":[
    "Logging and accessibility",
    "Code Generation",
    "Documentation"
   ],
   "tabs_idx":[
    3,
    5,
    7
   ]
  },
  "obj_viewer":[
  ]
 },
 {
  "id":"RocketFlight_TestModel:297:244#out:1",
  "name":"",
  "viewer":{
   "jshandler":"webview/handlers/ElementHandler"
  },
  "inspector":{
   "params":[
    "SignalNameFromLabel",
    "MustResolveToSignal",
    "ShowPropagatedSignal",
    "DataLogging",
    "TestPoint",
    "SignalObjectPackage",
    "StorageClass",
    "Description",
    "documentLink"
   ],
   "values":[
    "",
    "off",
    "off",
    "off",
    "off",
    "--- None ---",
    "Auto",
    "",
    ""
   ],
   "tabs":[
    "Logging and accessibility",
    "Code Generation",
    "Documentation"
   ],
   "tabs_idx":[
    3,
    5,
    7
   ]
  },
  "obj_viewer":[
  ]
 },
 {
  "id":"RocketFlight_TestModel:297:230#out:1",
  "name":"",
  "viewer":{
   "jshandler":"webview/handlers/ElementHandler"
  },
  "inspector":{
   "params":[
    "SignalNameFromLabel",
    "MustResolveToSignal",
    "ShowPropagatedSignal",
    "DataLogging",
    "TestPoint",
    "SignalObjectPackage",
    "StorageClass",
    "Description",
    "documentLink"
   ],
   "values":[
    "",
    "off",
    "off",
    "off",
    "off",
    "--- None ---",
    "Auto",
    "",
    ""
   ],
   "tabs":[
    "Logging and accessibility",
    "Code Generation",
    "Documentation"
   ],
   "tabs_idx":[
    3,
    5,
    7
   ]
  },
  "obj_viewer":[
  ]
 },
 {
  "id":"RocketFlight_TestModel:297:232#out:1",
  "name":"",
  "viewer":{
   "jshandler":"webview/handlers/ElementHandler"
  },
  "inspector":{
   "params":[
    "SignalNameFromLabel",
    "MustResolveToSignal",
    "ShowPropagatedSignal",
    "DataLogging",
    "TestPoint",
    "SignalObjectPackage",
    "StorageClass",
    "Description",
    "documentLink"
   ],
   "values":[
    "",
    "off",
    "off",
    "off",
    "off",
    "--- None ---",
    "Auto",
    "",
    ""
   ],
   "tabs":[
    "Logging and accessibility",
    "Code Generation",
    "Documentation"
   ],
   "tabs_idx":[
    3,
    5,
    7
   ]
  },
  "obj_viewer":[
  ]
 },
 {
  "id":"RocketFlight_TestModel:297:208#out:4",
  "name":"",
  "viewer":{
   "jshandler":"webview/handlers/ElementHandler"
  },
  "inspector":{
   "params":[
    "SignalNameFromLabel",
    "MustResolveToSignal",
    "ShowPropagatedSignal",
    "DataLogging",
    "TestPoint",
    "SignalObjectPackage",
    "StorageClass",
    "Description",
    "documentLink"
   ],
   "values":[
    "",
    "off",
    "off",
    "off",
    "off",
    "--- None ---",
    "Auto",
    "",
    ""
   ],
   "tabs":[
    "Logging and accessibility",
    "Code Generation",
    "Documentation"
   ],
   "tabs_idx":[
    3,
    5,
    7
   ]
  },
  "obj_viewer":[
  ]
 },
 {
  "id":"RocketFlight_TestModel:297:205#out:1",
  "name":"",
  "viewer":{
   "jshandler":"webview/handlers/ElementHandler"
  },
  "inspector":{
   "params":[
    "SignalNameFromLabel",
    "MustResolveToSignal",
    "ShowPropagatedSignal",
    "DataLogging",
    "TestPoint",
    "SignalObjectPackage",
    "StorageClass",
    "Description",
    "documentLink"
   ],
   "values":[
    "",
    "off",
    "off",
    "off",
    "off",
    "--- None ---",
    "Auto",
    "",
    ""
   ],
   "tabs":[
    "Logging and accessibility",
    "Code Generation",
    "Documentation"
   ],
   "tabs_idx":[
    3,
    5,
    7
   ]
  },
  "obj_viewer":[
  ]
 },
 {
  "id":"RocketFlight_TestModel:297:220#out:2",
  "name":"",
  "viewer":{
   "jshandler":"webview/handlers/ElementHandler"
  },
  "inspector":{
   "params":[
    "SignalNameFromLabel",
    "MustResolveToSignal",
    "ShowPropagatedSignal",
    "DataLogging",
    "TestPoint",
    "SignalObjectPackage",
    "StorageClass",
    "Description",
    "documentLink"
   ],
   "values":[
    "",
    "off",
    "off",
    "off",
    "off",
    "--- None ---",
    "Auto",
    "",
    ""
   ],
   "tabs":[
    "Logging and accessibility",
    "Code Generation",
    "Documentation"
   ],
   "tabs_idx":[
    3,
    5,
    7
   ]
  },
  "obj_viewer":[
  ]
 },
 {
  "id":"RocketFlight_TestModel:297:238#out:5",
  "name":"",
  "viewer":{
   "jshandler":"webview/handlers/ElementHandler"
  },
  "inspector":{
   "params":[
    "SignalNameFromLabel",
    "MustResolveToSignal",
    "ShowPropagatedSignal",
    "DataLogging",
    "TestPoint",
    "SignalObjectPackage",
    "StorageClass",
    "Description",
    "documentLink"
   ],
   "values":[
    "",
    "off",
    "off",
    "off",
    "off",
    "--- None ---",
    "Auto",
    "",
    ""
   ],
   "tabs":[
    "Logging and accessibility",
    "Code Generation",
    "Documentation"
   ],
   "tabs_idx":[
    3,
    5,
    7
   ]
  },
  "obj_viewer":[
  ]
 },
 {
  "id":"RocketFlight_TestModel:297:204#out:1",
  "name":"",
  "viewer":{
   "jshandler":"webview/handlers/ElementHandler"
  },
  "inspector":{
   "params":[
    "SignalNameFromLabel",
    "MustResolveToSignal",
    "ShowPropagatedSignal",
    "DataLogging",
    "TestPoint",
    "SignalObjectPackage",
    "StorageClass",
    "Description",
    "documentLink"
   ],
   "values":[
    "",
    "off",
    "off",
    "off",
    "off",
    "--- None ---",
    "Auto",
    "",
    ""
   ],
   "tabs":[
    "Logging and accessibility",
    "Code Generation",
    "Documentation"
   ],
   "tabs_idx":[
    3,
    5,
    7
   ]
  },
  "obj_viewer":[
  ]
 },
 {
  "id":"RocketFlight_TestModel:297:238#out:1",
  "name":"Altitude",
  "viewer":{
   "jshandler":"webview/handlers/ElementHandler"
  },
  "inspector":{
   "params":[
    "SignalNameFromLabel",
    "MustResolveToSignal",
    "ShowPropagatedSignal",
    "DataLogging",
    "TestPoint",
    "SignalObjectPackage",
    "StorageClass",
    "Description",
    "documentLink"
   ],
   "values":[
    "Altitude",
    "off",
    "off",
    "off",
    "off",
    "--- None ---",
    "Auto",
    "",
    ""
   ],
   "tabs":[
    "Logging and accessibility",
    "Code Generation",
    "Documentation"
   ],
   "tabs_idx":[
    3,
    5,
    7
   ]
  },
  "obj_viewer":[
  ]
 }
]