[
 {
  "id":"RocketFlight_TestModel:232:768:583:27",
  "name":"COG (t)",
  "viewer":{
   "jshandler":"webview/handlers/ElementHandler"
  },
  "inspector":{
   "params":[
    "OutDataTypeStr",
    "BusOutputAsStruct",
    "IconDisplay",
    "InitialOutput",
    "LockScale",
    "OutMax",
    "OutMin",
    "OutputWhenDisabled",
    "Port",
    "PortDimensions",
    "SampleTime",
    "SamplingMode",
    "SignalType",
    "SourceOfInitialOutputValue",
    "VarSizeSig"
   ],
   "values":[
    "Inherit: auto",
    "off",
    "Port number",
    "[]",
    "off",
    "[]",
    "[]",
    "held",
    "1",
    "-1",
    "-1",
    "auto",
    "auto",
    "Dialog",
    "Inherit"
   ],
   "tabs":[
    "Signal Attributes",
    "-Other"
   ],
   "tabs_idx":[
    0,
    1
   ]
  },
  "obj_viewer":[
  ]
 },
 {
  "id":"RocketFlight_TestModel:232:768:583:30",
  "name":"Motor Mass (t)",
  "viewer":{
   "jshandler":"webview/handlers/ElementHandler"
  },
  "inspector":{
   "params":[
    "OutDataTypeStr",
    "BusOutputAsStruct",
    "IconDisplay",
    "Interpolate",
    "LatchByDelayingOutsideSignal",
    "LatchInputForFeedbackSignals",
    "LockScale",
    "OutMax",
    "OutMin",
    "OutputFunctionCall",
    "Port",
    "PortDimensions",
    "SampleTime",
    "SamplingMode",
    "SignalType",
    "VarSizeSig"
   ],
   "values":[
    "Inherit: auto",
    "off",
    "Port number",
    "on",
    "off",
    "off",
    "off",
    "[]",
    "[]",
    "off",
    "4",
    "-1",
    "-1",
    "auto",
    "auto",
    "Inherit"
   ],
   "tabs":[
    "Signal Attributes",
    "-Other"
   ],
   "tabs_idx":[
    0,
    1
   ]
  },
  "obj_viewer":[
  ]
 },
 {
  "id":"RocketFlight_TestModel:232:768:583:73",
  "name":"Static Center of Gravity",
  "viewer":{
   "jshandler":"webview/handlers/ElementHandler"
  },
  "inspector":{
   "params":[
    "OutDataTypeStr",
    "BusOutputAsStruct",
    "IconDisplay",
    "Interpolate",
    "LatchByDelayingOutsideSignal",
    "LatchInputForFeedbackSignals",
    "LockScale",
    "OutMax",
    "OutMin",
    "OutputFunctionCall",
    "Port",
    "PortDimensions",
    "SampleTime",
    "SamplingMode",
    "SignalType",
    "VarSizeSig"
   ],
   "values":[
    "Inherit: auto",
    "off",
    "Port number",
    "on",
    "off",
    "off",
    "off",
    "[]",
    "[]",
    "off",
    "1",
    "-1",
    "-1",
    "auto",
    "auto",
    "Inherit"
   ],
   "tabs":[
    "Signal Attributes",
    "-Other"
   ],
   "tabs_idx":[
    0,
    1
   ]
  },
  "obj_viewer":[
  ]
 },
 {
  "id":"RocketFlight_TestModel:232:768:583:74",
  "name":"Mux",
  "viewer":{
   "jshandler":"webview/handlers/ElementHandler"
  },
  "inspector":{
   "params":[
    "Inputs",
    "DisplayOption"
   ],
   "values":[
    "4",
    "bar"
   ],
   "tabs":[
   ],
   "tabs_idx":[
   ]
  },
  "obj_viewer":[
  ]
 },
 {
  "id":"RocketFlight_TestModel:232:768:583:75",
  "name":"Motor Center of Gravity",
  "viewer":{
   "jshandler":"webview/handlers/ElementHandler"
  },
  "inspector":{
   "params":[
    "OutDataTypeStr",
    "BusOutputAsStruct",
    "IconDisplay",
    "Interpolate",
    "LatchByDelayingOutsideSignal",
    "LatchInputForFeedbackSignals",
    "LockScale",
    "OutMax",
    "OutMin",
    "OutputFunctionCall",
    "Port",
    "PortDimensions",
    "SampleTime",
    "SamplingMode",
    "SignalType",
    "VarSizeSig"
   ],
   "values":[
    "Inherit: auto",
    "off",
    "Port number",
    "on",
    "off",
    "off",
    "off",
    "[]",
    "[]",
    "off",
    "3",
    "-1",
    "-1",
    "auto",
    "auto",
    "Inherit"
   ],
   "tabs":[
    "Signal Attributes",
    "-Other"
   ],
   "tabs_idx":[
    0,
    1
   ]
  },
  "obj_viewer":[
  ]
 },
 {
  "id":"RocketFlight_TestModel:232:768:583:76",
  "name":"Static Mass",
  "viewer":{
   "jshandler":"webview/handlers/ElementHandler"
  },
  "inspector":{
   "params":[
    "OutDataTypeStr",
    "BusOutputAsStruct",
    "IconDisplay",
    "Interpolate",
    "LatchByDelayingOutsideSignal",
    "LatchInputForFeedbackSignals",
    "LockScale",
    "OutMax",
    "OutMin",
    "OutputFunctionCall",
    "Port",
    "PortDimensions",
    "SampleTime",
    "SamplingMode",
    "SignalType",
    "VarSizeSig"
   ],
   "values":[
    "Inherit: auto",
    "off",
    "Port number",
    "on",
    "off",
    "off",
    "off",
    "[]",
    "[]",
    "off",
    "2",
    "-1",
    "-1",
    "auto",
    "auto",
    "Inherit"
   ],
   "tabs":[
    "Signal Attributes",
    "-Other"
   ],
   "tabs_idx":[
    0,
    1
   ]
  },
  "obj_viewer":[
  ]
 },
 {
  "id":"RocketFlight_TestModel:232:768:583:77",
  "name":"DynamicCenterGravity",
  "viewer":{
   "jshandler":"webview/handlers/ElementHandler"
  },
  "inspector":{
   "params":[
    "MATLABFcn",
    "Output1D",
    "OutputDimensions",
    "OutputSignalType",
    "SampleTime"
   ],
   "values":[
    "DynamicCenterGravity",
    "on",
    "-1",
    "auto",
    "-1"
   ],
   "tabs":[
    "Parameter Attributes",
    "-Other"
   ],
   "tabs_idx":[
    0,
    1
   ]
  },
  "obj_viewer":[
  ]
 },
 {
  "id":"RocketFlight_TestModel:232:768:583:116",
  "name":"To Workspace",
  "viewer":{
   "jshandler":"webview/handlers/ElementHandler"
  },
  "inspector":{
   "params":[
    "VariableName",
    "MaxDataPoints",
    "Decimation",
    "SaveFormat",
    "Save2DSignal",
    "FixptAsFi",
    "SampleTime"
   ],
   "values":[
    "cog_rocket",
    "inf",
    "1",
    "Array",
    "3-D array (concatenate along third dimension)",
    "on",
    "-1"
   ],
   "tabs":[
   ],
   "tabs_idx":[
   ]
  },
  "obj_viewer":[
  ]
 },
 {
  "id":"RocketFlight_TestModel:232:768:583:77#out:1",
  "name":"",
  "viewer":{
   "jshandler":"webview/handlers/ElementHandler"
  },
  "inspector":{
   "params":[
    "SignalNameFromLabel",
    "MustResolveToSignal",
    "ShowPropagatedSignal",
    "DataLogging",
    "TestPoint",
    "SignalObjectPackage",
    "StorageClass",
    "Description",
    "documentLink"
   ],
   "values":[
    "",
    "off",
    "off",
    "off",
    "off",
    "--- None ---",
    "Auto",
    "",
    ""
   ],
   "tabs":[
    "Logging and accessibility",
    "Code Generation",
    "Documentation"
   ],
   "tabs_idx":[
    3,
    5,
    7
   ]
  },
  "obj_viewer":[
  ]
 },
 {
  "id":"RocketFlight_TestModel:232:768:583:74#out:1",
  "name":"",
  "viewer":{
   "jshandler":"webview/handlers/ElementHandler"
  },
  "inspector":{
   "params":[
    "SignalNameFromLabel",
    "MustResolveToSignal",
    "ShowPropagatedSignal",
    "DataLogging",
    "TestPoint",
    "SignalObjectPackage",
    "StorageClass",
    "Description",
    "documentLink"
   ],
   "values":[
    "",
    "off",
    "off",
    "off",
    "off",
    "--- None ---",
    "Auto",
    "",
    ""
   ],
   "tabs":[
    "Logging and accessibility",
    "Code Generation",
    "Documentation"
   ],
   "tabs_idx":[
    3,
    5,
    7
   ]
  },
  "obj_viewer":[
  ]
 },
 {
  "id":"RocketFlight_TestModel:232:768:583:30#out:1",
  "name":"",
  "viewer":{
   "jshandler":"webview/handlers/ElementHandler"
  },
  "inspector":{
   "params":[
    "SignalNameFromLabel",
    "MustResolveToSignal",
    "ShowPropagatedSignal",
    "DataLogging",
    "TestPoint",
    "SignalObjectPackage",
    "StorageClass",
    "Description",
    "documentLink"
   ],
   "values":[
    "",
    "off",
    "off",
    "off",
    "off",
    "--- None ---",
    "Auto",
    "",
    ""
   ],
   "tabs":[
    "Logging and accessibility",
    "Code Generation",
    "Documentation"
   ],
   "tabs_idx":[
    3,
    5,
    7
   ]
  },
  "obj_viewer":[
  ]
 },
 {
  "id":"RocketFlight_TestModel:232:768:583:75#out:1",
  "name":"",
  "viewer":{
   "jshandler":"webview/handlers/ElementHandler"
  },
  "inspector":{
   "params":[
    "SignalNameFromLabel",
    "MustResolveToSignal",
    "ShowPropagatedSignal",
    "DataLogging",
    "TestPoint",
    "SignalObjectPackage",
    "StorageClass",
    "Description",
    "documentLink"
   ],
   "values":[
    "",
    "off",
    "off",
    "off",
    "off",
    "--- None ---",
    "Auto",
    "",
    ""
   ],
   "tabs":[
    "Logging and accessibility",
    "Code Generation",
    "Documentation"
   ],
   "tabs_idx":[
    3,
    5,
    7
   ]
  },
  "obj_viewer":[
  ]
 },
 {
  "id":"RocketFlight_TestModel:232:768:583:76#out:1",
  "name":"",
  "viewer":{
   "jshandler":"webview/handlers/ElementHandler"
  },
  "inspector":{
   "params":[
    "SignalNameFromLabel",
    "MustResolveToSignal",
    "ShowPropagatedSignal",
    "DataLogging",
    "TestPoint",
    "SignalObjectPackage",
    "StorageClass",
    "Description",
    "documentLink"
   ],
   "values":[
    "",
    "off",
    "off",
    "off",
    "off",
    "--- None ---",
    "Auto",
    "",
    ""
   ],
   "tabs":[
    "Logging and accessibility",
    "Code Generation",
    "Documentation"
   ],
   "tabs_idx":[
    3,
    5,
    7
   ]
  },
  "obj_viewer":[
  ]
 },
 {
  "id":"RocketFlight_TestModel:232:768:583:73#out:1",
  "name":"",
  "viewer":{
   "jshandler":"webview/handlers/ElementHandler"
  },
  "inspector":{
   "params":[
    "SignalNameFromLabel",
    "MustResolveToSignal",
    "ShowPropagatedSignal",
    "DataLogging",
    "TestPoint",
    "SignalObjectPackage",
    "StorageClass",
    "Description",
    "documentLink"
   ],
   "values":[
    "",
    "off",
    "off",
    "off",
    "off",
    "--- None ---",
    "Auto",
    "",
    ""
   ],
   "tabs":[
    "Logging and accessibility",
    "Code Generation",
    "Documentation"
   ],
   "tabs_idx":[
    3,
    5,
    7
   ]
  },
  "obj_viewer":[
  ]
 }
]