[
 {
  "id":"RocketFlight_TestModel:297:236:123:110:98",
  "name":"this is bad!",
  "viewer":{
   "jshandler":"webview/handlers/ElementHandler"
  },
  "inspector":{
   "params":[
    "Text",
    "DropShadow",
    "Interpreter",
    "FontName",
    "FontWeight",
    "FontSize",
    "FontAngle",
    "ForegroundColor",
    "BackgroundColor",
    "HorizontalAlignment",
    "UseDisplayTextAsClickCallback",
    "ClickFcn"
   ],
   "values":[
    "this is bad!",
    "off",
    "off",
    "auto",
    "auto",
    -1,
    "auto",
    "black",
    "white",
    "left",
    "off",
    ""
   ],
   "tabs":[
   ],
   "tabs_idx":[
   ]
  },
  "obj_viewer":[
  ]
 },
 {
  "id":"RocketFlight_TestModel:297:236:123:110:5",
  "name":"Thrust (t) ",
  "viewer":{
   "jshandler":"webview/handlers/ElementHandler"
  },
  "inspector":{
   "params":[
    "OutDataTypeStr",
    "BusOutputAsStruct",
    "IconDisplay",
    "InitialOutput",
    "LockScale",
    "OutMax",
    "OutMin",
    "OutputWhenDisabled",
    "Port",
    "PortDimensions",
    "SampleTime",
    "SamplingMode",
    "SignalType",
    "SourceOfInitialOutputValue",
    "VarSizeSig"
   ],
   "values":[
    "Inherit: auto",
    "off",
    "Port number",
    "[]",
    "off",
    "[]",
    "[]",
    "held",
    "3",
    "-1",
    "-1",
    "auto",
    "auto",
    "Dialog",
    "Inherit"
   ],
   "tabs":[
    "Signal Attributes",
    "-Other"
   ],
   "tabs_idx":[
    0,
    1
   ]
  },
  "obj_viewer":[
  ]
 },
 {
  "id":"RocketFlight_TestModel:297:236:123:110:2",
  "name":"thrust",
  "viewer":{
   "jshandler":"webview/handlers/ElementHandler"
  },
  "inspector":{
   "params":[
    "OutDataTypeStr",
    "BusOutputAsStruct",
    "IconDisplay",
    "Interpolate",
    "LatchByDelayingOutsideSignal",
    "LatchInputForFeedbackSignals",
    "LockScale",
    "OutMax",
    "OutMin",
    "OutputFunctionCall",
    "Port",
    "PortDimensions",
    "SampleTime",
    "SamplingMode",
    "SignalType",
    "VarSizeSig"
   ],
   "values":[
    "Inherit: auto",
    "off",
    "Port number",
    "on",
    "off",
    "off",
    "off",
    "[]",
    "[]",
    "off",
    "1",
    "-1",
    "-1",
    "auto",
    "auto",
    "Inherit"
   ],
   "tabs":[
    "Signal Attributes",
    "-Other"
   ],
   "tabs_idx":[
    0,
    1
   ]
  },
  "obj_viewer":[
  ]
 },
 {
  "id":"RocketFlight_TestModel:297:236:123:110:7",
  "name":"Weight (t)",
  "viewer":{
   "jshandler":"webview/handlers/ElementHandler"
  },
  "inspector":{
   "params":[
    "OutDataTypeStr",
    "BusOutputAsStruct",
    "IconDisplay",
    "InitialOutput",
    "LockScale",
    "OutMax",
    "OutMin",
    "OutputWhenDisabled",
    "Port",
    "PortDimensions",
    "SampleTime",
    "SamplingMode",
    "SignalType",
    "SourceOfInitialOutputValue",
    "VarSizeSig"
   ],
   "values":[
    "Inherit: auto",
    "off",
    "Port number",
    "[]",
    "off",
    "[]",
    "[]",
    "held",
    "2",
    "-1",
    "-1",
    "auto",
    "auto",
    "Dialog",
    "Inherit"
   ],
   "tabs":[
    "Signal Attributes",
    "-Other"
   ],
   "tabs_idx":[
    0,
    1
   ]
  },
  "obj_viewer":[
  ]
 },
 {
  "id":"RocketFlight_TestModel:297:236:123:110:8",
  "name":"mass_flow_rate",
  "viewer":{
   "jshandler":"webview/handlers/ElementHandler"
  },
  "inspector":{
   "params":[
    "OutDataTypeStr",
    "BusOutputAsStruct",
    "IconDisplay",
    "Interpolate",
    "LatchByDelayingOutsideSignal",
    "LatchInputForFeedbackSignals",
    "LockScale",
    "OutMax",
    "OutMin",
    "OutputFunctionCall",
    "Port",
    "PortDimensions",
    "SampleTime",
    "SamplingMode",
    "SignalType",
    "VarSizeSig"
   ],
   "values":[
    "Inherit: auto",
    "off",
    "Port number",
    "on",
    "off",
    "off",
    "off",
    "[]",
    "[]",
    "off",
    "5",
    "-1",
    "-1",
    "auto",
    "auto",
    "Inherit"
   ],
   "tabs":[
    "Signal Attributes",
    "-Other"
   ],
   "tabs_idx":[
    0,
    1
   ]
  },
  "obj_viewer":[
  ]
 },
 {
  "id":"RocketFlight_TestModel:297:236:123:110:19",
  "name":"wet_motor_weight",
  "viewer":{
   "jshandler":"webview/handlers/ElementHandler"
  },
  "inspector":{
   "params":[
    "OutDataTypeStr",
    "BusOutputAsStruct",
    "IconDisplay",
    "Interpolate",
    "LatchByDelayingOutsideSignal",
    "LatchInputForFeedbackSignals",
    "LockScale",
    "OutMax",
    "OutMin",
    "OutputFunctionCall",
    "Port",
    "PortDimensions",
    "SampleTime",
    "SamplingMode",
    "SignalType",
    "VarSizeSig"
   ],
   "values":[
    "Inherit: auto",
    "off",
    "Port number",
    "on",
    "off",
    "off",
    "off",
    "[]",
    "[]",
    "off",
    "3",
    "-1",
    "-1",
    "auto",
    "auto",
    "Inherit"
   ],
   "tabs":[
    "Signal Attributes",
    "-Other"
   ],
   "tabs_idx":[
    0,
    1
   ]
  },
  "obj_viewer":[
  ]
 },
 {
  "id":"RocketFlight_TestModel:297:236:123:110:20",
  "name":"Mass (t)",
  "viewer":{
   "jshandler":"webview/handlers/ElementHandler"
  },
  "inspector":{
   "params":[
    "OutDataTypeStr",
    "BusOutputAsStruct",
    "IconDisplay",
    "InitialOutput",
    "LockScale",
    "OutMax",
    "OutMin",
    "OutputWhenDisabled",
    "Port",
    "PortDimensions",
    "SampleTime",
    "SamplingMode",
    "SignalType",
    "SourceOfInitialOutputValue",
    "VarSizeSig"
   ],
   "values":[
    "Inherit: auto",
    "off",
    "Port number",
    "[]",
    "off",
    "[]",
    "[]",
    "held",
    "1",
    "-1",
    "-1",
    "auto",
    "auto",
    "Dialog",
    "Inherit"
   ],
   "tabs":[
    "Signal Attributes",
    "-Other"
   ],
   "tabs_idx":[
    0,
    1
   ]
  },
  "obj_viewer":[
  ]
 },
 {
  "id":"RocketFlight_TestModel:297:236:123:110:35",
  "name":"burntime",
  "viewer":{
   "jshandler":"webview/handlers/ElementHandler"
  },
  "inspector":{
   "params":[
    "OutDataTypeStr",
    "BusOutputAsStruct",
    "IconDisplay",
    "Interpolate",
    "LatchByDelayingOutsideSignal",
    "LatchInputForFeedbackSignals",
    "LockScale",
    "OutMax",
    "OutMin",
    "OutputFunctionCall",
    "Port",
    "PortDimensions",
    "SampleTime",
    "SamplingMode",
    "SignalType",
    "VarSizeSig"
   ],
   "values":[
    "Inherit: auto",
    "off",
    "Port number",
    "on",
    "off",
    "off",
    "off",
    "[]",
    "[]",
    "off",
    "2",
    "-1",
    "-1",
    "auto",
    "auto",
    "Inherit"
   ],
   "tabs":[
    "Signal Attributes",
    "-Other"
   ],
   "tabs_idx":[
    0,
    1
   ]
  },
  "obj_viewer":[
  ]
 },
 {
  "id":"RocketFlight_TestModel:297:236:123:110:36",
  "name":"dry_motor_weight",
  "viewer":{
   "jshandler":"webview/handlers/ElementHandler"
  },
  "inspector":{
   "params":[
    "OutDataTypeStr",
    "BusOutputAsStruct",
    "IconDisplay",
    "Interpolate",
    "LatchByDelayingOutsideSignal",
    "LatchInputForFeedbackSignals",
    "LockScale",
    "OutMax",
    "OutMin",
    "OutputFunctionCall",
    "Port",
    "PortDimensions",
    "SampleTime",
    "SamplingMode",
    "SignalType",
    "VarSizeSig"
   ],
   "values":[
    "Inherit: auto",
    "off",
    "Port number",
    "on",
    "off",
    "off",
    "off",
    "[]",
    "[]",
    "off",
    "4",
    "-1",
    "-1",
    "auto",
    "auto",
    "Inherit"
   ],
   "tabs":[
    "Signal Attributes",
    "-Other"
   ],
   "tabs_idx":[
    0,
    1
   ]
  },
  "obj_viewer":[
  ]
 },
 {
  "id":"RocketFlight_TestModel:297:236:123:110:44",
  "name":"DynamicWeightCalculation",
  "viewer":{
   "jshandler":"webview/handlers/ElementHandler"
  },
  "inspector":{
   "params":[
    "MATLABFcn",
    "Output1D",
    "OutputDimensions",
    "OutputSignalType",
    "SampleTime"
   ],
   "values":[
    "DynamicWeightCalculation",
    "on",
    "-1",
    "auto",
    "-1"
   ],
   "tabs":[
    "Parameter Attributes",
    "-Other"
   ],
   "tabs_idx":[
    0,
    1
   ]
  },
  "obj_viewer":[
  ]
 },
 {
  "id":"RocketFlight_TestModel:297:236:123:110:47",
  "name":"m to W",
  "viewer":{
   "jshandler":"webview/handlers/ElementHandler"
  },
  "inspector":{
   "params":[
    "OutDataTypeStr",
    "CollapseDim",
    "CollapseMode",
    "InputSameDT",
    "Inputs",
    "LockScale",
    "Multiplication",
    "OutMax",
    "OutMin",
    "RndMeth",
    "SampleTime",
    "SaturateOnIntegerOverflow"
   ],
   "values":[
    "Inherit: Inherit via internal rule",
    "1",
    "All dimensions",
    "off",
    "2",
    "off",
    "Element-wise(.*)",
    "[]",
    "[]",
    "Floor",
    "-1",
    "off"
   ],
   "tabs":[
    "Signal Attributes",
    "-Other"
   ],
   "tabs_idx":[
    0,
    1
   ]
  },
  "obj_viewer":[
  ]
 },
 {
  "id":"RocketFlight_TestModel:297:236:123:110:46",
  "name":"g",
  "viewer":{
   "jshandler":"webview/handlers/ElementHandler"
  },
  "inspector":{
   "params":[
    "Value",
    "OutDataTypeStr",
    "FramePeriod",
    "LockScale",
    "OutMax",
    "OutMin",
    "SampleTime",
    "SamplingMode",
    "VectorParams1D"
   ],
   "values":[
    "9.81",
    "Inherit: Inherit from 'Constant value'",
    "inf",
    "off",
    "[]",
    "[]",
    "inf",
    "Sample based",
    "on"
   ],
   "tabs":[
    "Main",
    "Signal Attributes",
    "-Other"
   ],
   "tabs_idx":[
    0,
    1,
    2
   ]
  },
  "obj_viewer":[
  ]
 },
 {
  "id":"RocketFlight_TestModel:297:236:123:110:45",
  "name":"Mux",
  "viewer":{
   "jshandler":"webview/handlers/ElementHandler"
  },
  "inspector":{
   "params":[
    "Inputs",
    "DisplayOption"
   ],
   "values":[
    "6",
    "bar"
   ],
   "tabs":[
   ],
   "tabs_idx":[
   ]
  },
  "obj_viewer":[
  ]
 },
 {
  "id":"RocketFlight_TestModel:297:236:123:110:43",
  "name":"Demux",
  "viewer":{
   "jshandler":"webview/handlers/ElementHandler"
  },
  "inspector":{
   "params":[
    "Outputs",
    "DisplayOption",
    "BusSelectionMode"
   ],
   "values":[
    "[1 1 1 1 1]",
    "bar",
    "off"
   ],
   "tabs":[
   ],
   "tabs_idx":[
   ]
  },
  "obj_viewer":[
  ]
 },
 {
  "id":"RocketFlight_TestModel:297:236:123:110:90",
  "name":"Mass Propellant (t)",
  "viewer":{
   "jshandler":"webview/handlers/ElementHandler"
  },
  "inspector":{
   "params":[
    "OutDataTypeStr",
    "BusOutputAsStruct",
    "IconDisplay",
    "InitialOutput",
    "LockScale",
    "OutMax",
    "OutMin",
    "OutputWhenDisabled",
    "Port",
    "PortDimensions",
    "SampleTime",
    "SamplingMode",
    "SignalType",
    "SourceOfInitialOutputValue",
    "VarSizeSig"
   ],
   "values":[
    "Inherit: auto",
    "off",
    "Port number",
    "[]",
    "off",
    "[]",
    "[]",
    "held",
    "4",
    "-1",
    "-1",
    "auto",
    "auto",
    "Dialog",
    "Inherit"
   ],
   "tabs":[
    "Signal Attributes",
    "-Other"
   ],
   "tabs_idx":[
    0,
    1
   ]
  },
  "obj_viewer":[
  ]
 },
 {
  "id":"RocketFlight_TestModel:297:236:123:110:95",
  "name":"dry_rocket_mass",
  "viewer":{
   "jshandler":"webview/handlers/ElementHandler"
  },
  "inspector":{
   "params":[
    "OutDataTypeStr",
    "BusOutputAsStruct",
    "IconDisplay",
    "Interpolate",
    "LatchByDelayingOutsideSignal",
    "LatchInputForFeedbackSignals",
    "LockScale",
    "OutMax",
    "OutMin",
    "OutputFunctionCall",
    "Port",
    "PortDimensions",
    "SampleTime",
    "SamplingMode",
    "SignalType",
    "VarSizeSig"
   ],
   "values":[
    "Inherit: auto",
    "off",
    "Port number",
    "on",
    "off",
    "off",
    "off",
    "[]",
    "[]",
    "off",
    "6",
    "-1",
    "-1",
    "auto",
    "auto",
    "Inherit"
   ],
   "tabs":[
    "Signal Attributes",
    "-Other"
   ],
   "tabs_idx":[
    0,
    1
   ]
  },
  "obj_viewer":[
  ]
 },
 {
  "id":"RocketFlight_TestModel:297:236:123:110:97",
  "name":"Mass Motor (t)",
  "viewer":{
   "jshandler":"webview/handlers/ElementHandler"
  },
  "inspector":{
   "params":[
    "OutDataTypeStr",
    "BusOutputAsStruct",
    "IconDisplay",
    "InitialOutput",
    "LockScale",
    "OutMax",
    "OutMin",
    "OutputWhenDisabled",
    "Port",
    "PortDimensions",
    "SampleTime",
    "SamplingMode",
    "SignalType",
    "SourceOfInitialOutputValue",
    "VarSizeSig"
   ],
   "values":[
    "Inherit: auto",
    "off",
    "Port number",
    "[]",
    "off",
    "[]",
    "[]",
    "held",
    "5",
    "-1",
    "-1",
    "auto",
    "auto",
    "Dialog",
    "Inherit"
   ],
   "tabs":[
    "Signal Attributes",
    "-Other"
   ],
   "tabs_idx":[
    0,
    1
   ]
  },
  "obj_viewer":[
  ]
 },
 {
  "id":"RocketFlight_TestModel:297:236:123:110:43#out:5",
  "name":"mass_motor",
  "viewer":{
   "jshandler":"webview/handlers/ElementHandler"
  },
  "inspector":{
   "params":[
    "SignalNameFromLabel",
    "MustResolveToSignal",
    "ShowPropagatedSignal",
    "DataLogging",
    "TestPoint",
    "SignalObjectPackage",
    "StorageClass",
    "Description",
    "documentLink"
   ],
   "values":[
    "mass_motor",
    "off",
    "off",
    "off",
    "off",
    "--- None ---",
    "Auto",
    "",
    ""
   ],
   "tabs":[
    "Logging and accessibility",
    "Code Generation",
    "Documentation"
   ],
   "tabs_idx":[
    3,
    5,
    7
   ]
  },
  "obj_viewer":[
  ]
 },
 {
  "id":"RocketFlight_TestModel:297:236:123:110:95#out:1",
  "name":"",
  "viewer":{
   "jshandler":"webview/handlers/ElementHandler"
  },
  "inspector":{
   "params":[
    "SignalNameFromLabel",
    "MustResolveToSignal",
    "ShowPropagatedSignal",
    "DataLogging",
    "TestPoint",
    "SignalObjectPackage",
    "StorageClass",
    "Description",
    "documentLink"
   ],
   "values":[
    "",
    "off",
    "off",
    "off",
    "off",
    "--- None ---",
    "Auto",
    "",
    ""
   ],
   "tabs":[
    "Logging and accessibility",
    "Code Generation",
    "Documentation"
   ],
   "tabs_idx":[
    3,
    5,
    7
   ]
  },
  "obj_viewer":[
  ]
 },
 {
  "id":"RocketFlight_TestModel:297:236:123:110:43#out:4",
  "name":"mass_propellant",
  "viewer":{
   "jshandler":"webview/handlers/ElementHandler"
  },
  "inspector":{
   "params":[
    "SignalNameFromLabel",
    "MustResolveToSignal",
    "ShowPropagatedSignal",
    "DataLogging",
    "TestPoint",
    "SignalObjectPackage",
    "StorageClass",
    "Description",
    "documentLink"
   ],
   "values":[
    "mass_propellant",
    "off",
    "off",
    "off",
    "off",
    "--- None ---",
    "Auto",
    "",
    ""
   ],
   "tabs":[
    "Logging and accessibility",
    "Code Generation",
    "Documentation"
   ],
   "tabs_idx":[
    3,
    5,
    7
   ]
  },
  "obj_viewer":[
  ]
 },
 {
  "id":"RocketFlight_TestModel:297:236:123:110:2#out:1",
  "name":"",
  "viewer":{
   "jshandler":"webview/handlers/ElementHandler"
  },
  "inspector":{
   "params":[
    "SignalNameFromLabel",
    "MustResolveToSignal",
    "ShowPropagatedSignal",
    "DataLogging",
    "TestPoint",
    "SignalObjectPackage",
    "StorageClass",
    "Description",
    "documentLink"
   ],
   "values":[
    "",
    "off",
    "off",
    "off",
    "off",
    "--- None ---",
    "Auto",
    "",
    ""
   ],
   "tabs":[
    "Logging and accessibility",
    "Code Generation",
    "Documentation"
   ],
   "tabs_idx":[
    3,
    5,
    7
   ]
  },
  "obj_viewer":[
  ]
 },
 {
  "id":"RocketFlight_TestModel:297:236:123:110:47#out:1",
  "name":"wfc",
  "viewer":{
   "jshandler":"webview/handlers/ElementHandler"
  },
  "inspector":{
   "params":[
    "SignalNameFromLabel",
    "MustResolveToSignal",
    "ShowPropagatedSignal",
    "DataLogging",
    "TestPoint",
    "SignalObjectPackage",
    "StorageClass",
    "Description",
    "documentLink"
   ],
   "values":[
    "wfc",
    "off",
    "off",
    "off",
    "off",
    "--- None ---",
    "Auto",
    "",
    ""
   ],
   "tabs":[
    "Logging and accessibility",
    "Code Generation",
    "Documentation"
   ],
   "tabs_idx":[
    3,
    5,
    7
   ]
  },
  "obj_viewer":[
  ]
 },
 {
  "id":"RocketFlight_TestModel:297:236:123:110:46#out:1",
  "name":"",
  "viewer":{
   "jshandler":"webview/handlers/ElementHandler"
  },
  "inspector":{
   "params":[
    "SignalNameFromLabel",
    "MustResolveToSignal",
    "ShowPropagatedSignal",
    "DataLogging",
    "TestPoint",
    "SignalObjectPackage",
    "StorageClass",
    "Description",
    "documentLink"
   ],
   "values":[
    "",
    "off",
    "off",
    "off",
    "off",
    "--- None ---",
    "Auto",
    "",
    ""
   ],
   "tabs":[
    "Logging and accessibility",
    "Code Generation",
    "Documentation"
   ],
   "tabs_idx":[
    3,
    5,
    7
   ]
  },
  "obj_viewer":[
  ]
 },
 {
  "id":"RocketFlight_TestModel:297:236:123:110:43#out:3",
  "name":"thrust",
  "viewer":{
   "jshandler":"webview/handlers/ElementHandler"
  },
  "inspector":{
   "params":[
    "SignalNameFromLabel",
    "MustResolveToSignal",
    "ShowPropagatedSignal",
    "DataLogging",
    "TestPoint",
    "SignalObjectPackage",
    "StorageClass",
    "Description",
    "documentLink"
   ],
   "values":[
    "thrust",
    "off",
    "off",
    "off",
    "off",
    "--- None ---",
    "Auto",
    "",
    ""
   ],
   "tabs":[
    "Logging and accessibility",
    "Code Generation",
    "Documentation"
   ],
   "tabs_idx":[
    3,
    5,
    7
   ]
  },
  "obj_viewer":[
  ]
 },
 {
  "id":"RocketFlight_TestModel:297:236:123:110:44#out:1",
  "name":"",
  "viewer":{
   "jshandler":"webview/handlers/ElementHandler"
  },
  "inspector":{
   "params":[
    "SignalNameFromLabel",
    "MustResolveToSignal",
    "ShowPropagatedSignal",
    "DataLogging",
    "TestPoint",
    "SignalObjectPackage",
    "StorageClass",
    "Description",
    "documentLink"
   ],
   "values":[
    "",
    "off",
    "off",
    "off",
    "off",
    "--- None ---",
    "Auto",
    "",
    ""
   ],
   "tabs":[
    "Logging and accessibility",
    "Code Generation",
    "Documentation"
   ],
   "tabs_idx":[
    3,
    5,
    7
   ]
  },
  "obj_viewer":[
  ]
 },
 {
  "id":"RocketFlight_TestModel:297:236:123:110:45#out:1",
  "name":"",
  "viewer":{
   "jshandler":"webview/handlers/ElementHandler"
  },
  "inspector":{
   "params":[
    "SignalNameFromLabel",
    "MustResolveToSignal",
    "ShowPropagatedSignal",
    "DataLogging",
    "TestPoint",
    "SignalObjectPackage",
    "StorageClass",
    "Description",
    "documentLink"
   ],
   "values":[
    "",
    "off",
    "off",
    "off",
    "off",
    "--- None ---",
    "Auto",
    "",
    ""
   ],
   "tabs":[
    "Logging and accessibility",
    "Code Generation",
    "Documentation"
   ],
   "tabs_idx":[
    3,
    5,
    7
   ]
  },
  "obj_viewer":[
  ]
 },
 {
  "id":"RocketFlight_TestModel:297:236:123:110:43#out:2",
  "name":"weight",
  "viewer":{
   "jshandler":"webview/handlers/ElementHandler"
  },
  "inspector":{
   "params":[
    "SignalNameFromLabel",
    "MustResolveToSignal",
    "ShowPropagatedSignal",
    "DataLogging",
    "TestPoint",
    "SignalObjectPackage",
    "StorageClass",
    "Description",
    "documentLink"
   ],
   "values":[
    "weight",
    "off",
    "off",
    "off",
    "off",
    "--- None ---",
    "Auto",
    "",
    ""
   ],
   "tabs":[
    "Logging and accessibility",
    "Code Generation",
    "Documentation"
   ],
   "tabs_idx":[
    3,
    5,
    7
   ]
  },
  "obj_viewer":[
  ]
 },
 {
  "id":"RocketFlight_TestModel:297:236:123:110:43#out:1",
  "name":"mass",
  "viewer":{
   "jshandler":"webview/handlers/ElementHandler"
  },
  "inspector":{
   "params":[
    "SignalNameFromLabel",
    "MustResolveToSignal",
    "ShowPropagatedSignal",
    "DataLogging",
    "TestPoint",
    "SignalObjectPackage",
    "StorageClass",
    "Description",
    "documentLink"
   ],
   "values":[
    "mass",
    "off",
    "off",
    "off",
    "off",
    "--- None ---",
    "Auto",
    "",
    ""
   ],
   "tabs":[
    "Logging and accessibility",
    "Code Generation",
    "Documentation"
   ],
   "tabs_idx":[
    3,
    5,
    7
   ]
  },
  "obj_viewer":[
  ]
 },
 {
  "id":"RocketFlight_TestModel:297:236:123:110:36#out:1",
  "name":"",
  "viewer":{
   "jshandler":"webview/handlers/ElementHandler"
  },
  "inspector":{
   "params":[
    "SignalNameFromLabel",
    "MustResolveToSignal",
    "ShowPropagatedSignal",
    "DataLogging",
    "TestPoint",
    "SignalObjectPackage",
    "StorageClass",
    "Description",
    "documentLink"
   ],
   "values":[
    "",
    "off",
    "off",
    "off",
    "off",
    "--- None ---",
    "Auto",
    "",
    ""
   ],
   "tabs":[
    "Logging and accessibility",
    "Code Generation",
    "Documentation"
   ],
   "tabs_idx":[
    3,
    5,
    7
   ]
  },
  "obj_viewer":[
  ]
 },
 {
  "id":"RocketFlight_TestModel:297:236:123:110:35#out:1",
  "name":"",
  "viewer":{
   "jshandler":"webview/handlers/ElementHandler"
  },
  "inspector":{
   "params":[
    "SignalNameFromLabel",
    "MustResolveToSignal",
    "ShowPropagatedSignal",
    "DataLogging",
    "TestPoint",
    "SignalObjectPackage",
    "StorageClass",
    "Description",
    "documentLink"
   ],
   "values":[
    "",
    "off",
    "off",
    "off",
    "off",
    "--- None ---",
    "Auto",
    "",
    ""
   ],
   "tabs":[
    "Logging and accessibility",
    "Code Generation",
    "Documentation"
   ],
   "tabs_idx":[
    3,
    5,
    7
   ]
  },
  "obj_viewer":[
  ]
 },
 {
  "id":"RocketFlight_TestModel:297:236:123:110:8#out:1",
  "name":"mfc",
  "viewer":{
   "jshandler":"webview/handlers/ElementHandler"
  },
  "inspector":{
   "params":[
    "SignalNameFromLabel",
    "MustResolveToSignal",
    "ShowPropagatedSignal",
    "DataLogging",
    "TestPoint",
    "SignalObjectPackage",
    "StorageClass",
    "Description",
    "documentLink"
   ],
   "values":[
    "mfc",
    "off",
    "off",
    "off",
    "off",
    "--- None ---",
    "Auto",
    "",
    ""
   ],
   "tabs":[
    "Logging and accessibility",
    "Code Generation",
    "Documentation"
   ],
   "tabs_idx":[
    3,
    5,
    7
   ]
  },
  "obj_viewer":[
  ]
 },
 {
  "id":"RocketFlight_TestModel:297:236:123:110:19#out:1",
  "name":"",
  "viewer":{
   "jshandler":"webview/handlers/ElementHandler"
  },
  "inspector":{
   "params":[
    "SignalNameFromLabel",
    "MustResolveToSignal",
    "ShowPropagatedSignal",
    "DataLogging",
    "TestPoint",
    "SignalObjectPackage",
    "StorageClass",
    "Description",
    "documentLink"
   ],
   "values":[
    "",
    "off",
    "off",
    "off",
    "off",
    "--- None ---",
    "Auto",
    "",
    ""
   ],
   "tabs":[
    "Logging and accessibility",
    "Code Generation",
    "Documentation"
   ],
   "tabs_idx":[
    3,
    5,
    7
   ]
  },
  "obj_viewer":[
  ]
 }
]