[
 {
  "id":"RocketFlight_TestModel:232:768:589:287",
  "name":"stability_derivative_nosecone",
  "viewer":{
   "jshandler":"webview/handlers/ElementHandler"
  },
  "inspector":{
   "params":[
    "OutDataTypeStr",
    "BusOutputAsStruct",
    "IconDisplay",
    "InitialOutput",
    "LockScale",
    "OutMax",
    "OutMin",
    "OutputWhenDisabled",
    "Port",
    "PortDimensions",
    "SampleTime",
    "SamplingMode",
    "SignalType",
    "SourceOfInitialOutputValue",
    "VarSizeSig"
   ],
   "values":[
    "Inherit: auto",
    "off",
    "Port number",
    "[]",
    "off",
    "[]",
    "[]",
    "held",
    "1",
    "-1",
    "-1",
    "auto",
    "auto",
    "Dialog",
    "Inherit"
   ],
   "tabs":[
    "Signal Attributes",
    "-Other"
   ],
   "tabs_idx":[
    0,
    1
   ]
  },
  "obj_viewer":[
  ]
 },
 {
  "id":"RocketFlight_TestModel:232:768:589:289",
  "name":"stability_derivative_bodytube",
  "viewer":{
   "jshandler":"webview/handlers/ElementHandler"
  },
  "inspector":{
   "params":[
    "OutDataTypeStr",
    "BusOutputAsStruct",
    "IconDisplay",
    "InitialOutput",
    "LockScale",
    "OutMax",
    "OutMin",
    "OutputWhenDisabled",
    "Port",
    "PortDimensions",
    "SampleTime",
    "SamplingMode",
    "SignalType",
    "SourceOfInitialOutputValue",
    "VarSizeSig"
   ],
   "values":[
    "Inherit: auto",
    "off",
    "Port number",
    "[]",
    "off",
    "[]",
    "[]",
    "held",
    "2",
    "-1",
    "-1",
    "auto",
    "auto",
    "Dialog",
    "Inherit"
   ],
   "tabs":[
    "Signal Attributes",
    "-Other"
   ],
   "tabs_idx":[
    0,
    1
   ]
  },
  "obj_viewer":[
  ]
 },
 {
  "id":"RocketFlight_TestModel:232:768:589:291",
  "name":"stability_derivative_finset",
  "viewer":{
   "jshandler":"webview/handlers/ElementHandler"
  },
  "inspector":{
   "params":[
    "OutDataTypeStr",
    "BusOutputAsStruct",
    "IconDisplay",
    "InitialOutput",
    "LockScale",
    "OutMax",
    "OutMin",
    "OutputWhenDisabled",
    "Port",
    "PortDimensions",
    "SampleTime",
    "SamplingMode",
    "SignalType",
    "SourceOfInitialOutputValue",
    "VarSizeSig"
   ],
   "values":[
    "Inherit: auto",
    "off",
    "Port number",
    "[]",
    "off",
    "[]",
    "[]",
    "held",
    "3",
    "-1",
    "-1",
    "auto",
    "auto",
    "Dialog",
    "Inherit"
   ],
   "tabs":[
    "Signal Attributes",
    "-Other"
   ],
   "tabs_idx":[
    0,
    1
   ]
  },
  "obj_viewer":[
  ]
 },
 {
  "id":"RocketFlight_TestModel:232:768:589:150",
  "name":"Nose Cone Stability Derivative",
  "viewer":{
   "jshandler":"webview/handlers/ContainerHandler",
   "trgSid":"RocketFlight_TestModel:232:768:589:150"
  },
  "inspector":{
   "params":[
    "ShowPortLabels",
    "Permissions",
    "ErrorFcn",
    "PermitHierarchicalResolution",
    "TreatAsAtomicUnit",
    "RTWSystemCode",
    "ActiveVariant",
    "ActiveVariantBlock",
    "BlockChoice",
    "CheckFcnCallInpInsideContextMsg",
    "FunctionInterfaceSpec",
    "FunctionWithSeparateData",
    "GeneratePreprocessorConditionals",
    "IsSubsystemVirtual",
    "MemberBlocks",
    "MinAlgLoopOccurrences",
    "OverrideUsingVariant",
    "PropExecContextOutsideSubsystem",
    "RTWFcnName",
    "RTWFcnNameOpts",
    "RTWFileName",
    "RTWFileNameOpts",
    "RTWMemSecDataConstants",
    "RTWMemSecDataInternal",
    "RTWMemSecDataParameters",
    "RTWMemSecFuncExecute",
    "RTWMemSecFuncInitTerm",
    "SystemSampleTime",
    "TemplateBlock",
    "Variant",
    "VariantControl"
   ],
   "values":[
    "FromPortIcon",
    "ReadWrite",
    "",
    "All",
    "off",
    "Auto",
    "",
    "",
    "",
    "off",
    "void_void",
    "off",
    "off",
    "on",
    "",
    "off",
    "",
    "off",
    "",
    "Auto",
    "",
    "Auto",
    "Inherit from model",
    "Inherit from model",
    "Inherit from model",
    "Inherit from model",
    "Inherit from model",
    "-1",
    "",
    "off",
    ""
   ],
   "tabs":[
    "Parameter Attributes",
    "-Other"
   ],
   "tabs_idx":[
    0,
    6
   ]
  },
  "obj_viewer":[
  ]
 },
 {
  "id":"RocketFlight_TestModel:232:768:589:153",
  "name":"Body Tube Stability Derivative",
  "viewer":{
   "jshandler":"webview/handlers/ContainerHandler",
   "trgSid":"RocketFlight_TestModel:232:768:589:153"
  },
  "inspector":{
   "params":[
    "ShowPortLabels",
    "Permissions",
    "ErrorFcn",
    "PermitHierarchicalResolution",
    "TreatAsAtomicUnit",
    "RTWSystemCode",
    "ActiveVariant",
    "ActiveVariantBlock",
    "BlockChoice",
    "CheckFcnCallInpInsideContextMsg",
    "FunctionInterfaceSpec",
    "FunctionWithSeparateData",
    "GeneratePreprocessorConditionals",
    "IsSubsystemVirtual",
    "MemberBlocks",
    "MinAlgLoopOccurrences",
    "OverrideUsingVariant",
    "PropExecContextOutsideSubsystem",
    "RTWFcnName",
    "RTWFcnNameOpts",
    "RTWFileName",
    "RTWFileNameOpts",
    "RTWMemSecDataConstants",
    "RTWMemSecDataInternal",
    "RTWMemSecDataParameters",
    "RTWMemSecFuncExecute",
    "RTWMemSecFuncInitTerm",
    "SystemSampleTime",
    "TemplateBlock",
    "Variant",
    "VariantControl"
   ],
   "values":[
    "FromPortIcon",
    "ReadWrite",
    "",
    "All",
    "off",
    "Auto",
    "",
    "",
    "",
    "off",
    "void_void",
    "off",
    "off",
    "on",
    "",
    "off",
    "",
    "off",
    "",
    "Auto",
    "",
    "Auto",
    "Inherit from model",
    "Inherit from model",
    "Inherit from model",
    "Inherit from model",
    "Inherit from model",
    "-1",
    "",
    "off",
    ""
   ],
   "tabs":[
    "Parameter Attributes",
    "-Other"
   ],
   "tabs_idx":[
    0,
    6
   ]
  },
  "obj_viewer":[
  ]
 },
 {
  "id":"RocketFlight_TestModel:232:768:589:156",
  "name":"Fin Set Stability Derivative",
  "viewer":{
   "jshandler":"webview/handlers/ContainerHandler",
   "trgSid":"RocketFlight_TestModel:232:768:589:156"
  },
  "inspector":{
   "params":[
    "ShowPortLabels",
    "Permissions",
    "ErrorFcn",
    "PermitHierarchicalResolution",
    "TreatAsAtomicUnit",
    "RTWSystemCode",
    "ActiveVariant",
    "ActiveVariantBlock",
    "BlockChoice",
    "CheckFcnCallInpInsideContextMsg",
    "FunctionInterfaceSpec",
    "FunctionWithSeparateData",
    "GeneratePreprocessorConditionals",
    "IsSubsystemVirtual",
    "MemberBlocks",
    "MinAlgLoopOccurrences",
    "OverrideUsingVariant",
    "PropExecContextOutsideSubsystem",
    "RTWFcnName",
    "RTWFcnNameOpts",
    "RTWFileName",
    "RTWFileNameOpts",
    "RTWMemSecDataConstants",
    "RTWMemSecDataInternal",
    "RTWMemSecDataParameters",
    "RTWMemSecFuncExecute",
    "RTWMemSecFuncInitTerm",
    "SystemSampleTime",
    "TemplateBlock",
    "Variant",
    "VariantControl"
   ],
   "values":[
    "FromPortIcon",
    "ReadWrite",
    "",
    "All",
    "off",
    "Auto",
    "",
    "",
    "",
    "off",
    "void_void",
    "off",
    "off",
    "on",
    "",
    "off",
    "",
    "off",
    "",
    "Auto",
    "",
    "Auto",
    "Inherit from model",
    "Inherit from model",
    "Inherit from model",
    "Inherit from model",
    "Inherit from model",
    "-1",
    "",
    "off",
    ""
   ],
   "tabs":[
    "Parameter Attributes",
    "-Other"
   ],
   "tabs_idx":[
    0,
    6
   ]
  },
  "obj_viewer":[
  ]
 },
 {
  "id":"RocketFlight_TestModel:232:768:589:156#out:1",
  "name":"",
  "viewer":{
   "jshandler":"webview/handlers/ElementHandler"
  },
  "inspector":{
   "params":[
    "SignalNameFromLabel",
    "MustResolveToSignal",
    "ShowPropagatedSignal",
    "DataLogging",
    "TestPoint",
    "SignalObjectPackage",
    "StorageClass",
    "Description",
    "documentLink"
   ],
   "values":[
    "",
    "off",
    "off",
    "off",
    "off",
    "--- None ---",
    "Auto",
    "",
    ""
   ],
   "tabs":[
    "Logging and accessibility",
    "Code Generation",
    "Documentation"
   ],
   "tabs_idx":[
    3,
    5,
    7
   ]
  },
  "obj_viewer":[
  ]
 },
 {
  "id":"RocketFlight_TestModel:232:768:589:153#out:1",
  "name":"",
  "viewer":{
   "jshandler":"webview/handlers/ElementHandler"
  },
  "inspector":{
   "params":[
    "SignalNameFromLabel",
    "MustResolveToSignal",
    "ShowPropagatedSignal",
    "DataLogging",
    "TestPoint",
    "SignalObjectPackage",
    "StorageClass",
    "Description",
    "documentLink"
   ],
   "values":[
    "",
    "off",
    "off",
    "off",
    "off",
    "--- None ---",
    "Auto",
    "",
    ""
   ],
   "tabs":[
    "Logging and accessibility",
    "Code Generation",
    "Documentation"
   ],
   "tabs_idx":[
    3,
    5,
    7
   ]
  },
  "obj_viewer":[
  ]
 },
 {
  "id":"RocketFlight_TestModel:232:768:589:150#out:1",
  "name":"",
  "viewer":{
   "jshandler":"webview/handlers/ElementHandler"
  },
  "inspector":{
   "params":[
    "SignalNameFromLabel",
    "MustResolveToSignal",
    "ShowPropagatedSignal",
    "DataLogging",
    "TestPoint",
    "SignalObjectPackage",
    "StorageClass",
    "Description",
    "documentLink"
   ],
   "values":[
    "",
    "off",
    "off",
    "off",
    "off",
    "--- None ---",
    "Auto",
    "",
    ""
   ],
   "tabs":[
    "Logging and accessibility",
    "Code Generation",
    "Documentation"
   ],
   "tabs_idx":[
    3,
    5,
    7
   ]
  },
  "obj_viewer":[
  ]
 }
]